time,CPI,CPICore,BPI,PPI,YWPI,HPI1,HPI2,GDPDeflator,RGDP,NGDP,FAI,RSCG,Import,Export,RailFreight,AirPassenger,PortContainer,Electricity,Steel,Cement,Vehicle,REInv,RESales,GovRev,GovExp,FDI,UnemRate,LoanRate1Y,DepositRate1Y,TBond1Y,Repo7D,USDCNY,CurrencyIndex,M0,M1,M2,Loan,TSF,SHSE,SZSE,ConsumerConfidence,BusinessConfidence,LeadingIndex,IPSalesRatio,IPDebtRatio,IPProfitMargin,IPInventoryTurnover,IPROA,INDVA
2000,100,100,100,100,100,100,100,70.02,1149,804,196,275,141.14,162.36,131.72,5.3434,1.801,106.84,12.67,49.1,148.5,32.43,18.27,100.84,124.98,2.9992,4.1,5.85,2.25,3.06,2.52,8.28,73.66,1374,4457,7475,9325,10309,1535,469.65,109.68,104.23,99.76,97.8,62.4,3.6,82.6,0.2,183
2000.08333,100.14,100.14,99.96,99.96,100.14,99.47,100.09,70.15,1137,798,195,277,155.56,157.91,130.55,5.4911,2.0254,106.2,12.06,45.25,153.05,33.08,18.79,101.75,110.29,2.8813,4,5.85,2.25,3.05,2.5,8.28,75.62,1287,4420,7350,9552,10563,1714.58,524.64,110.03,107.77,98.04,97.9,62.3,3.8,82.4,0.2,183
2000.16667,99.96,99.96,99.94,99.94,99.96,99.11,100.24,70.24,1144,804,199,277,144.13,167.88,136.18,5.3823,1.8476,104.68,12.74,48.46,159.08,34.1,19.32,104.69,117.61,3.697,4,5.85,2.25,3.01,2.46,8.28,74.21,1333,4546,7619,9567,10580,1800.23,560.99,110.38,111.3,102.5,97.4,62.3,3.9,83.6,0.2,186
2000.25,99.23,99.23,99.68,99.68,99.23,98.92,100.46,70.47,1159,817,194,278,145.96,167.94,137.43,5.5906,1.876,109.62,13.11,49.7,162.17,34.83,20.51,106.22,126.65,3.114,4,5.85,2.25,2.98,2.42,8.28,73.93,1354,4676,7696,9623,10643,1836.32,566.75,110.61,112.53,105.36,98,62,4.5,83.3,0.3,189
2000.33333,98.73,98.73,99.64,99.64,98.73,98.93,100.66,70.59,1170,826,195,279,146.9,172.39,137.41,5.6131,1.8907,109.86,13.12,49.48,171.94,35.1,21.19,108.91,122.51,3.0542,4,5.85,2.25,2.95,2.39,8.28,74.7,1366,4736,7751,9587,10603,1894.55,584.21,111.08,113.77,99.06,97.7,62,4.8,87.3,0.3,193
2000.41667,98.45,98.45,99.71,99.71,98.45,99.15,100.85,70.72,1177,832,204,281,162.77,184.32,139.93,5.4935,2.1374,109.91,13.02,48.15,170.9,36.22,21.99,111.68,121.59,3.1399,4,5.85,2.25,2.93,2.36,8.28,73.01,1375,4798,7824,9409,10403,1928.11,602.06,111.2,115,99.96,97.8,61.9,5.5,74,0.3,195
2000.5,98.34,98.34,99.98,99.98,98.34,99.58,101.02,70.95,1187,842,202,283,156.01,170.67,138.9,5.6249,2.0323,110.08,13.13,48.61,170.8,36.86,21.68,113.59,123.47,3.1577,4,5.85,2.25,2.93,2.36,8.28,73.07,1384,4861,7872,9438,10436,2023.54,624.9,111.43,115.63,98.74,97.6,61.8,4.9,91,0.3,199
2000.58333,98.85,98.85,100.13,100.13,98.85,99.94,101.23,70.75,1195,845,199,286,170.12,182.02,138.96,5.6768,2.2517,112.35,13.44,49.3,178.74,37.7,23.49,116.02,133.8,3.08,4.1,5.85,2.25,2.9,2.32,8.28,73.82,1394,4917,7937,9508,10514,2021.2,617.42,111.78,116.27,99.37,97.4,61.7,5.7,88.3,0.3,203
2000.66667,99.21,99.21,100.07,100.07,99.21,100.26,101.48,71.02,1197,850,210,289,163.02,177.33,139.25,5.6329,2.1414,113.02,13.43,49.12,178.25,38.73,22.93,117.96,127.77,3.3772,4.1,5.85,2.25,2.89,2.31,8.28,75.46,1404,4992,8020,9576,10590,1910.16,590.37,112.36,116.9,98.26,97.4,61.6,6,88.7,0.4,203
2000.75,99.1,99.1,100.22,100.22,99.1,100.52,101.76,71.13,1209,860,208,293,166.68,183.11,139.43,6.4153,2.1983,115.14,13.42,48.07,187.4,39.31,25.24,120.07,135.92,4.1494,4.1,5.85,2.25,2.88,2.3,8.28,76.01,1408,5034,8077,9730,10762,1961.29,605.02,112.48,117.23,97.39,97.4,61.4,6.4,89.8,0.4,207
2000.83333,99.79,99.79,100.37,100.37,99.79,100.48,101.97,71.45,1219,871,220,295,171.68,175.99,140.87,5.4256,2.2761,114.95,13.64,48.12,192.38,40.54,27.3,122.8,131.82,3.9087,4.1,5.85,2.25,2.89,2.31,8.28,76.8,1428,5119,8137,9876,10926,2070.61,639.22,112.71,117.57,95.41,97.6,61.4,6.5,88.9,0.4,210
2000.91667,99.53,99.53,100.33,100.33,99.53,100.16,102.12,71.65,1226,879,210,300,142.8,162.01,141.58,6.1445,1.8269,117.49,14.18,49.91,204.42,41.34,29.87,124.72,142.07,3.5989,4.1,5.85,2.25,2.99,2.43,8.28,76.64,1426,5170,8220,9971,11032,2073.48,635.73,112.95,117.9,98.11,97.4,61.3,6.8,88.7,0.4,213
2001,99.45,100,100.28,100.28,100,99.54,102.2,71.97,1246,897,213,302,165.36,155.57,140.13,6.1481,1.8251,115.56,14.38,50.6,164.86,42.25,27.97,128.27,124.77,3.6124,4.1,5.85,2.25,3.04,2.49,8.28,77.65,1432,5252,8286,10061,11132,2065.61,626.18,113.18,119.27,94.21,97.3,61,4.6,90.4,0.3,203
2001.08333,99.61,100.14,100,100,100.14,99.38,102.32,72.25,1236,893,215,305,175.28,212.06,143.97,4.7087,1.9666,120.13,14.47,51.05,206.1,43.48,28.8,130.65,156.82,3.6917,4.2,5.85,2.25,3.06,2.52,8.28,77.82,1441,5278,8366,10138,11218,1959.18,585.41,112.95,120.63,101.72,97.6,60.9,4.8,90.3,0.3,222
2001.16667,99.37,100.25,100.01,100.01,100.25,99.67,102.49,72.25,1247,901,212,304,167.59,192.15,145.07,5.3658,1.9765,121.72,14.98,54.25,205.31,43.6,27.27,132.6,141.39,3.5645,4.2,5.85,2.25,3.22,2.49,8.28,78.63,1446,5338,8455,10222,11313,2112.78,642.12,113.18,122,95.35,97.9,60.6,5,90.8,0.3,220
2001.25,99.84,100.11,100.11,100.11,100.11,100.42,102.7,72.2,1258,908,225,306,170.87,184.46,149.4,6.5619,1.9606,98.4,14.17,49.28,199.69,44.43,28.34,133.55,138.85,3.6815,4.2,5.85,2.25,3.27,2.43,8.28,79.59,1451,5384,8562,10331,11435,2119.18,636.32,113.76,121.57,92.17,98.1,60.2,4.7,92,0.3,222
2001.33333,99.8,99.94,99.85,99.85,99.94,101.15,102.88,72.21,1267,915,225,309,164.51,179.28,148.37,6.5723,1.957,120.11,14.6,49.99,190.22,46.56,30.23,134.03,157.06,4.0612,4.3,5.85,2.25,3.3,2.38,8.28,78.65,1459,5356,8548,10457,11576,2214.26,659.36,113.41,121.13,91.77,97.8,60.2,4.8,91.5,0.3,224
2001.41667,99.73,100,99.63,99.63,100,101.85,103.05,72.24,1275,921,231,309,170.92,183.07,148.13,6.6721,1.9994,120.8,14.5,50.14,193.75,47.35,27.81,136.01,154.52,4.0335,4.3,5.85,2.25,3.27,2.35,8.28,78.42,1472,5460,9229,10541,11670,2218.03,658.27,113.65,120.7,91.19,97,60.2,5.3,90.1,0.3,223
2001.5,99.85,100.03,99.53,99.53,100.03,102.53,103.19,72.49,1278,926,231,311,167.13,181.71,149.18,6.5075,2.0657,122.6,15.09,51.69,195.54,48.49,30.83,137.32,155.37,4.0564,4.3,5.85,2.25,3.27,2.3,8.28,78.61,1480,5486,9595,10715,11865,1920.32,566.51,114.46,118.97,91.65,97,60.3,4.9,88.8,0.3,224
2001.58333,99.63,99.92,99.39,99.39,99.92,102.9,103.33,72.28,1289,932,235,314,179.1,184.67,151.24,6.4613,2.0983,122.12,15.15,52.38,198.4,49.13,29.42,140.02,156.83,3.4046,4.4,5.85,2.25,3.19,2.3,8.28,76.97,1494,5606,9452,10781,11939,1834.14,548.48,113.76,117.23,90.7,97.3,60.2,5.1,91.2,0.3,225
2001.66667,99.43,99.93,99.13,99.13,99.93,102.96,103.45,72.01,1302,938,236,316,168.71,183.74,152.2,6.4441,2.1679,121.74,15.18,52.84,201.52,49.82,28.13,140.12,160.68,4.2472,4.4,5.85,2.25,2.98,2.27,8.28,76.99,1514,5611,9524,10850,12016,1764.87,512.97,113.53,115.5,94.47,97.5,60.1,5.3,91.9,0.3,228
2001.75,99.49,99.93,98.77,98.77,99.93,102.72,103.57,72.16,1310,945,238,321,168.13,184.14,153.11,6.5532,2.2038,123.67,15.45,53.49,198.6,51.51,28.48,142.98,153.61,4.4418,4.5,5.85,2.25,3.01,2.18,8.28,77.62,1513,5642,9704,10964,12144,1689.17,486.86,113.41,114.09,92.1,97.5,60,5.4,91.8,0.3,230
2001.83333,99.36,99.92,98.28,98.28,99.92,102.36,103.75,72.26,1315,950,242,325,165.98,190.01,152.41,6.4532,2.2052,124.69,15.66,53.9,196.48,52.2,29.56,142.92,170.73,3.9188,4.5,5.85,2.25,2.89,2.14,8.28,78.22,1516,5698,9898,11091,12285,1747.99,507.01,113.06,112.69,91.97,97.4,59.8,5.8,94.4,0.4,231
2001.91667,99.19,99.85,97.85,97.85,99.85,101.89,103.98,72.34,1328,961,256,334,157.67,183.46,153.63,6.1789,2.2245,125.22,17.39,58.05,198.94,54.1,41.77,147.16,160.96,3.9506,4.6,5.85,2.25,2.87,2.14,8.28,78.85,1529,5824,9943,11291,12509,1645.97,475.94,113.3,111.28,93.98,98,59.4,6.2,100,0.4,238
2002,99.26,99.72,97.31,97.31,99.72,101.31,104.27,72.28,1354,979,250,332,170.09,205.8,159.39,6.6543,2.384,127.77,14.61,57.28,211.7,53.71,28.3,143.16,171.8,3.6888,4.6,5.85,2.25,2.81,2.14,8.28,80.18,1495,5768,10043,11315,12265,1491.67,419.94,113.06,113.79,86.17,98.1,59.2,3.7,95.8,0.2,231
2002.08333,98.76,99.63,97.03,97.03,99.63,101.16,104.59,72.42,1337,968,244,331,173.74,203.32,155.02,7.7268,2.4442,111.85,14.98,60.93,223.08,54.84,28.94,123,172.37,3.7691,4.7,5.31,2.17,2.59,2.05,8.28,81.38,1523,5989,10067,11396,12528,1524.7,434.27,113.3,116.29,82.04,97.7,59.2,3.9,96.4,0.2,236
2002.16667,98.67,99.44,96.56,96.56,99.44,101.42,104.93,72.39,1351,978,259,337,180.72,196.9,154.41,7.3672,2.5167,129.31,15.43,55.58,233.89,56.76,35.82,146.59,174.05,3.6967,4.7,5.31,1.98,2.21,1.96,8.28,79.54,1558,6063,10232,11557,12930,1603.91,466.54,113.41,118.8,90.64,98,59.5,4.4,99.5,0.3,248
2002.25,98.56,99.31,96.54,96.54,99.31,102.1,105.29,72.39,1368,990,276,344,198.65,214.47,154.17,7.5251,2.6086,129.14,15.91,56.76,279.64,58.58,35.77,152.87,170.67,4.0799,4.7,5.31,1.98,2.18,1.95,8.28,78.64,1576,6128,10306,11684,13060,1667.75,485.28,113.3,118.94,92.63,97.9,59.2,4.7,102,0.3,252
2002.33333,98.79,99.24,97.02,97.02,99.24,102.86,105.66,72.59,1383,1004,267,349,197.16,212.76,154.09,6.6227,2.6897,132.48,15.24,61.57,279.18,58.82,33.66,154,164.28,3.9097,4.8,5.31,1.98,2.08,1.95,8.28,76.57,1590,6222,10437,11819,13207,1515.73,447.56,113.3,119.08,94.74,97.7,59.2,5.1,101.1,0.3,258
2002.41667,98.97,99.14,97.31,97.31,99.14,103.7,106.02,72.6,1384,1004,268,351,187.04,214.83,153.22,6.6332,2.7814,134.63,15.89,49.49,274.22,58.99,39.19,155.44,177.64,4.9082,4.8,5.31,1.98,2.03,1.95,8.28,74.73,1598,6312,10593,11992,13423,1732.76,507,113.53,119.22,94.36,98.1,59.2,5.2,102.9,0.3,258
2002.5,98.91,99.09,97.04,97.04,99.09,104.6,106.38,72.72,1397,1016,274,352,213.95,232.39,155.49,6.5339,2.8463,135.41,15.58,59.15,287.76,60.64,37.7,158.27,186.32,4.3068,4.8,5.31,1.98,2.06,1.95,8.28,72.9,1614,6423,10747,12167,13547,1651.59,486.66,113.53,120.09,96.54,98.2,59,5.4,104.8,0.4,261
2002.58333,98.82,99.1,97.01,97.01,99.1,105.07,106.65,72.74,1409,1025,285,355,219.32,233.12,154.69,7.2417,2.9296,135.8,16.24,58.3,281.86,62.95,41.76,160.12,180.19,4.7047,4.9,5.31,1.98,2.37,1.96,8.28,73.44,1632,6528,10905,12366,13715,1666.62,491.01,113.53,120.97,98.01,97.8,59,5.5,107.4,0.4,266
2002.66667,98.86,99.14,97.07,97.07,99.14,105.08,106.81,72.7,1432,1041,291,363,227.17,243.65,156.61,7.4548,2.9867,141.23,16.55,62.86,291.21,64.3,45.39,163.15,187,4.6581,4.9,5.31,1.98,2.47,2.17,8.28,74.21,1643,6626,11049,12606,13957,1581.62,462.65,113.53,121.84,100.51,97.9,58.9,5.9,110.7,0.4,274
2002.75,98.79,99.08,97.2,97.2,99.08,104.65,106.88,72.93,1441,1051,295,364,224.41,242.46,157.08,7.3724,2.9186,137.48,16.59,60.57,308.71,72.4,45.03,165.92,187.57,4.7287,4.9,5.31,1.98,2.79,2.24,8.28,74.71,1659,6732,11200,12773,14118,1507.5,439.65,113.65,122.76,100.95,97.8,58.8,6.1,110.4,0.4,279
2002.83333,98.73,99.03,97.23,97.23,99.03,104.4,107.03,73.02,1449,1058,294,366,229.78,245.59,158,7.4808,3.1481,141,16.48,60.84,290.64,66.25,45.29,168.97,185.54,5.1971,5,5.31,1.98,2.77,2.23,8.28,73.83,1677,6817,11375,12956,14308,1434.18,408.58,113.88,123.68,101.05,97.9,58.7,6.1,111.8,0.4,285
2002.91667,98.84,99.03,97.3,97.3,99.03,104.31,107.27,73.03,1448,1058,290,359,212.22,241.15,157.19,7.4367,3.3565,144.34,18.57,63,265.8,67.61,46.79,222.37,186.77,4.5327,5,5.31,1.98,2.7,2.29,8.28,73.68,1685,6901,11549,13229,14653,1357.65,388.76,113.76,124.6,99.29,97.9,58.8,6.6,108.8,0.4,291
2003,99.19,99.1,97.73,97.73,99.1,104.4,107.6,73.58,1476,1086,305,372,273.83,280.43,157.27,7.7371,3.262,144.42,17.69,66.47,377.34,70.45,47.12,174.18,197.24,5.2561,5,5.31,1.98,2.56,2.27,8.28,73.16,1756,7048,11727,13407,14846,1499.82,426.63,114,127.24,103.66,97.9,58.8,6,117.3,0.4,303
2003.08333,99.41,99.19,98.04,98.03,99.19,104.8,107.9,73.63,1497,1103,323,384,254.02,259.93,159.48,7.9776,3.37,143.91,17.51,66.92,339.67,71.5,48.5,172.27,180.54,5.6306,5.1,5.31,1.98,2.55,2.24,8.28,73.58,1751,7104,11957,13642,15139,1511.93,431.29,114.11,129.87,104.59,98.6,58.8,6.2,118.9,0.5,306
2003.16667,99.58,99.24,98.13,98.55,99.24,105.5,108.16,73.98,1485,1098,333,384,260.12,265.01,161.85,7.4852,3.4772,146.67,17.42,62.5,317.3,74.72,48.38,177.15,194.31,5.6852,5.1,5.31,1.98,2.49,2.03,8.28,72.82,1737,7147,12155,13851,15391,1510.58,423.82,113.88,132.51,105.66,97.1,58.9,6,115.7,0.4,309
2003.25,99.57,99.31,98.1,97.99,99.31,106.51,108.4,73.92,1494,1104,342,384,264.96,284.81,163.33,5.7306,3.4951,148.87,18.5,64.56,319.02,75.45,50.22,177.03,194.2,5.4866,5.1,5.31,1.98,2.44,1.96,8.28,72.63,1740,7250,12341,14079,15546,1521.44,418.67,103.5,126.8,102.51,97.7,59.2,5.9,118.9,0.4,315
2003.33333,99.3,99.35,97.81,97.6,99.35,107.63,108.69,73.88,1499,1107,356,370,278.71,293.5,166.32,1.921,3.6006,149.97,19.16,65.1,309.36,77.62,51.53,183.78,209.63,5.3473,5.2,5.31,1.98,2.44,2.03,8.28,70.13,1777,7407,12624,14376,15822,1576.26,441.19,99.99,121.08,103.21,97.8,59,5.8,121.4,0.4,316
2003.41667,99.23,99.41,98.13,97.52,99.41,108.88,109.06,73.99,1529,1132,355,395,263.05,282.52,168.26,3.2708,3.6426,154.1,18.83,70.54,354.29,81.32,54.95,185.34,208.55,5.3018,5.2,5.31,1.98,2.52,2.16,8.28,69.34,1798,7547,12811,14770,16262,1486.02,407.36,103.38,115.37,105.13,98.1,58.9,6,123.2,0.5,337
2003.5,99.27,99.35,98.53,97.66,99.35,110.24,109.49,74.44,1543,1148,363,401,288.19,304.36,167.74,7.3592,3.723,156.19,19.66,66.61,377.32,82.27,53.15,188.48,203.57,3.3826,5.2,5.31,1.98,2.51,2.2,8.28,69.63,1821,7715,12999,15034,16590,1476.74,401.2,106.41,120.12,104.07,98,58.9,6,126,0.5,345
2003.58333,99.59,99.35,98.99,97.62,99.35,111.25,110.04,74.74,1553,1160,367,406,279.44,297.79,167.85,8.2183,3.8627,158.94,20.74,68.67,371.47,83.49,55.12,190.66,198.98,3.3963,5.2,5.31,1.98,2.55,2.25,8.28,70.25,1836,7750,13436,15317,16952,1421.98,391.72,108.16,124.88,103.62,98.3,58.9,6.2,126.9,0.5,352
2003.66667,99.81,99.24,99.07,97.86,99.24,111.91,110.71,74.84,1572,1176,370,413,315.61,320.09,166.27,9.3206,3.818,158.19,20.37,69.36,375.36,86.56,63.89,196.63,201.02,3.3919,5.2,5.31,1.98,2.84,2.86,8.28,69.88,1856,7872,13515,15539,17211,1367.16,374.82,108.63,129.63,103.73,98.1,58.9,6,127.4,0.5,359
2003.75,100.62,99.28,100.87,97.81,99.28,112.23,111.49,75.11,1588,1193,381,416,312.63,332.63,167.41,9.2095,4.0327,162.15,21.63,71.48,387.85,87.94,61.24,198.24,206.44,3.1851,5.2,5.31,1.98,2.96,3.09,8.28,68.7,1880,8030,13633,15764,17584,1348.3,364.8,109.91,130.99,106.75,98.4,58.9,6,132.6,0.5,371
2003.83333,101.73,99.42,102.72,98.96,99.42,112.57,112.25,75.87,1597,1212,383,419,296.2,325.89,168.07,9.545,4.1417,164.98,22.14,70.48,402.34,91.1,57.58,199.78,198.32,3.3926,5.3,5.31,1.98,2.91,2.7,8.28,69.73,1898,8093,13799,15909,17825,1397.23,371.25,110.26,132.35,105.04,98.1,59,6.1,134.2,0.5,384
2003.91667,102.1,99.55,103.52,100.06,99.55,112.95,112.99,76.33,1602,1223,375,415,322.56,365.07,176.09,9.7674,4.1813,160.58,22,69.99,415.49,83.05,62.67,203.69,203.62,4.8952,5.3,5.31,1.98,2.75,2.14,8.28,68.9,1926,8168,13912,16043,18045,1497.04,378.63,111.2,133.71,104.08,97.7,59.1,5.9,141.6,0.5,394
2004,101.86,99.68,104.29,101.34,99.68,113.37,113.7,77.1,1623,1251,450,427,364.77,321.11,177.69,10.2327,4.2749,167.17,23.3,92.07,412.73,95.99,64.86,207.04,200.14,4.8969,5.3,5.31,1.98,2.8,2.29,8.28,68.79,1866,8227,14080,16226,18201,1590.73,404.63,111.31,135.42,100.55,98,59,6.5,134.1,0.5,404
2004.08333,101.78,99.68,104.95,101.81,99.68,113.86,114.43,77.4,1634,1265,545,438,379.88,379.33,174.42,9.0394,4.3317,169.4,24.05,73.88,430.54,98.71,66.68,216.38,231.38,4.8458,5.3,5.31,1.98,2.96,2.22,8.28,68.34,1845,8220,13711,16426,18386,1675.07,442.14,111.08,137.13,113.4,98,59.1,6.5,135.8,0.5,419
2004.16667,102.6,99.84,106.26,102.36,99.84,114.43,115.16,78.14,1645,1285,467,444,368.29,378.58,175.36,9.552,4.3809,171.97,22.72,74.67,452.16,97.92,69.49,216.54,217.76,4.7334,5.3,5.31,1.98,3.09,1.91,8.28,69.03,1965,8548,14421,16606,18538,1741.62,458.49,111.31,138.84,107.35,97.9,59.1,6.2,139.9,0.5,420
2004.25,103.42,99.91,107.19,102.73,99.91,115.07,115.91,78.8,1661,1309,475,450,377.72,378.26,175.98,9.5042,4.5064,174.93,21.94,74.69,412.78,101.26,69.97,219.21,228.46,5.6738,5.3,5.31,1.98,3.81,2.06,8.28,69.5,1977,8727,14588,16861,19088,1595.59,407.56,110.85,136.38,106.8,97.7,59.2,6.4,138,0.6,430
2004.33333,103.65,99.95,107.11,103.12,99.95,115.79,116.63,79.14,1669,1321,465,452,376.77,389.73,177.14,9.8041,4.5666,175.08,23.01,73.19,397.4,103.9,77.64,218.38,222.3,5.4427,5.3,5.31,1.98,3.5,2.18,8.28,70.16,1992,8779,14743,16981,19409,1555.91,400.62,108.05,133.91,100.61,98,59.2,6.3,136.4,0.5,427
2004.41667,103.88,99.97,107.08,103.58,99.97,116.6,117.32,79.63,1676,1335,489,461,396.91,411.38,180.18,9.9088,4.711,173.75,22.7,72.85,386.91,104.38,73.83,220.36,221.6,5.3217,5.3,5.31,1.98,3.87,2.41,8.28,68.97,2009,8826,14891,16839,19290,1399.16,354.51,105.13,131.45,100.18,97.9,59,6,138.5,0.5,426
2004.5,104.14,100.01,107.61,104.04,100.01,117.49,117.99,80.07,1700,1361,505,470,385.55,408.26,181.8,10.623,4.7856,177.09,24.38,77.29,391.26,107.72,74.42,224.48,225.39,5.2346,5.3,5.31,1.98,3.71,2.33,8.28,68.65,2025,8901,15014,16997,19435,1386.2,351.92,106.3,131.81,98.87,98.1,59,6.2,139,0.5,446
2004.58333,104.58,100.16,108.22,104.39,100.16,118.29,118.67,80.46,1714,1379,510,480,378.83,408.26,185.58,10.1016,4.7448,179.78,25.05,76.9,413.44,110.68,72.8,224.2,230.15,5.1729,5.2,5.31,1.98,4.06,2.28,8.28,69.25,2042,8968,15145,17131,19543,1342.06,333.33,105.95,132.17,97.03,97.8,59.1,6.2,143,0.5,457
2004.66667,105.04,100.43,108.74,105.56,100.43,119,119.37,81.05,1722,1395,519,486,383.45,426.6,186.69,10.256,4.956,182.26,26.56,76.61,429.29,110.59,75.45,225.48,233.79,4.8346,5.2,5.31,1.98,3.81,2.12,8.28,69.5,2066,9021,15362,17295,19703,1396.7,355.19,106.53,132.53,95.78,98.8,59.1,6.4,144.5,0.6,466
2004.75,104.76,100.57,109.05,106.22,100.57,119.61,120.09,81.38,1734,1412,532,493,402.04,427.74,185.49,10.2778,5.0537,187.94,27.66,81.69,442.12,114.36,69.4,226.36,241.48,5.1555,5.2,5.58,2.01,4.01,2.14,8.28,68.3,2085,9103,15591,17492,19817,1320.54,334.81,107.11,131.96,94.59,98.1,59.2,6.3,145.2,0.6,483
2004.83333,104.68,100.62,109.16,106.97,100.62,120.55,120.74,81.6,1747,1426,529,509,409.71,471.97,186.41,10.4788,5.105,186.24,28.46,83.07,434.29,115.07,82.25,232.19,239.62,4.761,5.2,5.58,2.25,3.89,2.09,8.28,66.58,2079,9204,15797,17690,19936,1340.77,341.96,108.16,131.38,98.05,98.2,59.2,6.1,146,0.6,492
2004.91667,104.62,100.66,109.17,107.12,100.66,121.81,121.3,81.52,1772,1444,479,525,411.76,486.87,185.74,10.621,5.0217,189.58,27.74,81.5,433.05,118.33,92.38,233.93,239.55,4.8007,5.2,5.58,2.25,3.75,1.87,8.28,65.6,2092,9330,16040,18033,20302,1266.5,315.81,108.75,130.81,97.89,98.1,59.3,5,205,0.5,499
2005,104.73,100.76,109.48,107.32,100.76,123.4,121.78,81.47,1790,1458,556,533,383.23,468.32,218.27,10.1437,5.396,189.28,27.59,72.72,397.2,118.68,84.02,240.21,250.06,5.0109,5.2,5.58,2.25,3.5,1.84,8.28,66.4,2097,9398,15865,18107,20414,1191.82,297.05,109.1,132.49,98.14,99.2,59,6,146.9,0.5,528
2005.08333,105.02,100.91,109.93,107.65,100.91,124.38,122.3,81.77,1819,1487,652,537,418.96,476.68,218.72,10.7348,5.4119,192.2,28.99,77.94,440.35,120.79,87,239.76,239.45,5.0622,5.2,5.58,2.25,3.19,1.95,8.28,67.47,2116,9465,16155,18268,20675,1306,328.13,109.56,134.17,98.04,97.9,59.1,6,148.3,0.6,535
2005.16667,105.33,101.06,110.1,108.4,101.06,124.75,122.87,82.03,1824,1496,573,539,436.53,504.98,219.07,10.7164,5.4616,193.23,29.26,77.95,436.32,124.01,94.19,245.24,262.28,4.9546,5.2,5.58,2.25,2.83,1.7,8.28,66.05,2133,9589,16321,18359,20820,1181.24,296.75,110.15,135.85,101.14,98.1,58.4,6.1,148.7,0.6,532
2005.25,105.28,101.16,110.31,109.04,101.16,124.51,123.48,82.34,1847,1521,583,548,444.05,504.39,218.84,10.7452,5.6122,194.77,29.16,86.55,450.06,124.93,84.02,247.96,262.49,4.8154,5.2,5.58,2.25,2.68,1.29,8.28,66.39,2159,9628,16687,18535,21189,1159.15,283.57,110.5,133.4,101.58,98.1,58.3,6,148.5,0.5,558
2005.33333,105.41,101.25,110.37,109.39,101.25,124.45,124.04,82.5,1856,1531,593,559,434.63,507.79,218.26,10.9609,5.7109,200.52,29.47,83.02,469.22,126.75,84.29,252.69,260.99,5.0341,5.2,5.58,2.25,2.55,1.14,8.28,66.34,2178,9695,16933,18525,21243,1060.74,262.25,110.03,130.95,97.63,97.9,58.3,5.8,151.1,0.5,563
2005.41667,105.47,101.37,110.29,109.38,101.37,123,121.78,82.58,1851,1529,605,560,458.76,534.81,219.69,11.8746,5.756,201.94,28.87,85.47,528.45,128.64,98.99,258.61,257.27,4.8879,5.2,5.58,2.25,2.26,1.1,8.28,66.92,2195,9829,17250,18486,21249,1080.94,260.73,110.38,128.5,97,98,58.4,6.1,151.2,0.6,569
2005.5,105.72,101.5,110.31,109.68,101.5,123,122.7,82.93,1883,1562,626,565,422.72,514.24,221.46,11.5856,5.901,203.54,30.27,86.62,497.85,131.28,130.83,259.06,269.57,5.0932,5.2,5.58,2.25,1.86,1.19,8.11,68.15,2212,9868,17592,18554,21225,1083.03,254.47,110.15,128.19,97.11,98.1,58.5,6,153,0.6,585
2005.58333,105.73,101.59,110.28,110.05,101.59,123.09,123.28,83.15,1909,1587,653,570,452,525.99,221.04,11.4847,5.9573,201.69,32.01,87.99,458.42,131.94,589.07,266,279.96,5.2847,5.2,5.58,2.25,1.63,1.23,8.1,68.18,2234,9961,17963,18775,21463,1162.8,278.98,110.26,127.89,107.98,97.9,58.3,6,153.1,0.6,598
2005.66667,105.92,101.65,110.01,110.37,101.65,123.46,123.78,83.38,1928,1608,668,574,460.57,524.14,222.78,11.6903,6.0374,209.6,32.52,88.87,484.75,135.38,131.49,272.03,274.98,5.2678,5.2,5.58,2.25,1.55,1.19,8.09,68.37,2248,10105,18361,19063,21814,1155.61,281.72,110.03,127.58,107.27,97.9,58.4,6,153,0.5,606
2005.75,106.29,101.78,110.21,110.79,101.78,124.14,124.14,83.73,1949,1632,680,580,482.93,542.51,228.31,12.2671,6.0742,206.24,33.23,89.08,504.69,136.81,167.65,278.62,276.94,5.0283,5.2,5.58,2.25,1.57,1.12,8.08,69.26,2277,10201,18594,19252,21959,1092.82,265.4,109.33,126.85,104.17,97.9,58.4,5.9,155.4,0.6,625
2005.83333,106.17,101.84,110.12,110.92,101.84,125.01,124.85,83.87,1970,1652,685,582,482.85,543.24,234.74,12.5567,6.2162,208.62,33.77,97.91,532.29,139.93,146,283.5,294.21,4.9445,5.2,5.58,2.25,2.23,1.19,8.08,70.36,2310,10348,18904,19534,22263,1099.26,266.86,109.21,126.13,104.99,98,58.4,6,157.6,0.6,639
2005.91667,106.3,101.99,109.98,111.06,101.99,126.04,125.28,84.07,1985,1669,661,571,499.81,564.18,233.62,12.585,6.3659,216.77,35.98,94.77,553.88,139.5,99.62,339.64,293.04,13.419,5.2,5.58,2.25,2,1.56,8.07,70.22,2347,10446,19165,19750,22457,1161.06,278.75,110.03,125.4,112.29,98,58.5,6.2,171.4,0.6,612
2006,106.52,102.13,110.58,111.53,102.13,127.22,125.86,84.36,1975,1667,703,594,501.06,568.69,222.08,12.3772,6.4696,223.17,35.22,98.95,599.73,144.24,183.56,291.1,323.68,5.2995,5.2,5.58,2.25,1.8,1.54,8.06,69.66,2438,10578,19501,19953,22700,1258.05,307.11,110.26,127.97,108.55,98,58.3,6,156,0.6,661
2006.08333,106.66,102.27,111.1,111.92,102.27,128.45,126.43,84.64,2060,1743,756,613,495.6,583.35,232.54,12.5724,6.4667,223.27,35.03,91.57,559.39,146.49,189.52,296.47,270.46,5.1213,5.2,5.58,2.25,1.72,1.38,8.04,70.66,2362,10650,19859,20147,22928,1299.03,315.3,109.21,130.53,112.44,98.1,58.4,6,157.2,0.6,652
2006.16667,106.44,102.22,111.2,112.07,102.22,129.28,127.12,84.72,2059,1745,731,612,513.44,630.83,234.33,12.999,6.7938,198.06,35.91,96.95,567.36,147.61,162.7,301.27,304.23,5.1553,5.2,5.58,2.25,1.7,1.49,8.02,69.67,2378,10614,20093,20482,23394,1298.3,323.45,109.91,133.1,109.79,97.8,58.4,6,156.6,0.6,658
2006.25,106.96,102.42,111.7,112.37,102.42,130.54,128.04,85.12,2071,1762,742,620,500.61,611.96,237.44,13.0639,6.8032,222.3,37.79,96.15,581.1,151.14,186.58,306,309.16,4.9773,5.2,5.85,2.25,1.7,1.64,8.02,68.94,2417,10839,20404,20779,23745,1440.22,353.94,109.45,132.9,110.76,98,58.4,6.1,160.8,0.6,676
2006.33333,107.17,102.58,112.12,112.89,102.58,132.04,128.93,85.5,2092,1789,761,634,509.43,615.64,240.86,12.9988,6.8932,224.12,38.5,97.25,564.77,153.68,200.57,312.48,284.53,4.7461,5.2,5.85,2.25,1.73,1.68,8.02,67.15,2445,11064,20619,21041,24034,1641.3,417.02,109.45,132.7,107.34,98,58.5,6.3,164.6,0.6,695
2006.41667,107.28,102.68,112.53,113.51,102.68,133,129.74,85.82,2105,1807,769,635,523.69,635.91,239.2,13.1007,7.0011,228.99,39.26,98.6,562.57,157.5,174.01,319.6,307.32,4.4611,5.2,5.85,2.25,1.92,1.96,8,67.7,2471,11164,20859,21367,24434,1672.21,433.22,109.8,132.5,102.3,97.9,58.5,6.4,167.9,0.7,712
2006.5,107.16,102.83,112.8,113.78,102.83,134.06,130.19,86.01,2127,1829,776,641,491.96,615.2,240.52,13.4529,7.159,229.82,37.51,104.71,544.69,159.14,164.24,329.27,308.13,4.8523,5.2,5.85,2.25,2.06,2.32,7.97,67.53,2483,11362,21113,21615,24785,1612.73,406.1,109.68,132.53,99.98,97.8,58.4,6.4,161.6,0.6,721
2006.58333,107.36,103.01,113.13,113.92,103.01,134.7,130.66,86.34,2146,1852,781,647,546.28,678.98,244.09,13.4807,7.285,240.39,38.43,105.65,592.5,163.55,167.99,336.65,309.51,4.916,5.1,6.12,2.36,2.13,2.42,7.96,67.44,2527,11509,21412,21866,25140,1658.64,421.47,110.22,132.57,98.95,98.4,58.4,6.4,165.6,0.6,735
2006.66667,107.44,102.84,113.87,114.29,102.84,135.17,131.11,86.71,2174,1885,807,654,546.14,665.99,247.17,13.6916,7.4495,230.44,39.98,100.5,624.31,165.48,163.63,334.99,329.33,5.5431,5.1,6.12,2.52,2.02,2.14,7.91,68.51,2582,11689,21618,22046,25375,1752.42,438.9,111.69,132.6,101.39,98.1,58.4,6.3,168.1,0.6,745
2006.75,107.74,102.9,114.29,114.44,103.09,135.68,131.89,87.04,2202,1917,794,662,538.54,683.32,248.74,13.6217,7.6135,241.33,41.83,106.82,644.34,168.64,175.98,346.28,331.8,5.9116,5.1,6.12,2.52,2.02,2.36,7.88,69.14,2606,11890,21870,22287,25643,1837.99,446.49,111.57,133.5,100.57,98.3,58.3,6.4,165.4,0.6,753
2006.83333,108.26,102.85,115.01,114.56,103.49,136.08,132.71,87.64,2231,1955,840,667,556.49,701.57,253.92,13.7654,7.7726,248.36,44.99,100.93,676.55,172.66,206.79,347.42,348.3,6.0841,5.1,6.12,2.52,2.07,3.18,7.84,69.12,2631,12114,22083,22581,25998,2099.29,495.89,112.04,134.4,102.7,98,58.2,6.5,167.7,0.7,772
2006.91667,109.37,103.14,115.82,114.93,104.28,136.76,133.34,88.72,2247,1993,853,661,557,684.41,252.1,14.0021,7.9103,250.53,42.13,102.49,690.69,178.28,144.27,365.95,365.8,12.2934,5.1,6.12,2.52,2.1,2.16,7.81,69.37,2662,12277,22373,22892,26383,2675.47,550.59,113.11,135.3,107.69,98.4,58.1,6.4,173.7,0.6,794
2007,109.45,103.22,116.12,115.42,104.28,137.58,134.19,89.52,2303,2062,874,684,584.53,735.87,255.71,14.3392,7.851,239.88,41.94,101.88,677.55,180.54,223.06,365.87,313.57,5.7732,5.1,6.12,2.52,2.06,1.69,7.78,70.87,2493,12446,22564,23129,26627,2786.34,655.53,112.36,137.53,105.25,98.3,58.2,6.8,170.2,0.7,795
2007.08333,109.14,103.3,116.18,115.5,104.36,138.36,135.24,90.19,2309,2082,897,704,576.08,846.75,255.34,14.7687,8.587,246.29,43.49,116.94,677.53,184.51,228.16,383.05,396.81,6.2277,5.1,6.12,2.52,2.13,3.01,7.74,71.84,2743,12918,22846,23456,27023,2881.07,736.81,111.83,139.77,102.38,97.4,58.3,6.8,170.8,0.7,843
2007.16667,109.8,103.37,115.99,115.41,104.45,139.08,136.42,90.65,2348,2128,908,706,567.41,658.05,255.09,14.5554,8.1639,263.54,46.05,108.35,720.69,190.73,220.2,389.11,338.61,6.1042,5.1,6.39,2.64,2.18,1.68,7.73,70.69,2765,12934,23135,23846,27526,3183.98,825.79,111.03,142,101.38,98.2,58.2,6.9,171.6,0.7,875
2007.25,110.23,103.47,116.84,115.81,104.35,139.76,137.53,90.95,2370,2156,926,716,587.52,754.37,255.93,15.1719,8.4093,259.77,45.24,107.88,699.33,194.54,241.21,406.49,368.8,6.0626,5.1,6.39,2.79,2.28,3.17,7.71,69.82,2788,12954,23540,24200,27986,3841.27,1064.77,112.29,142.37,103.8,98.2,58,6.8,171.3,0.7,860
2007.33333,110.94,103.53,117.85,116.25,104.18,140.5,138.86,91.48,2397,2193,945,731,572.47,751.2,256.56,15.4978,8.4834,260.98,44.73,114.2,708.43,199.53,238.75,407.16,373.82,6.0331,5.1,6.57,2.9,2.38,2.41,7.65,70.29,2794,13177,23721,24483,28324,4109.65,1187.51,112.78,142.73,100.13,98.2,57.9,6.8,169.7,0.7,880
2007.41667,111.86,103.58,118.55,116.42,104.18,141.8,139.86,92.13,2422,2232,959,734,567.84,770.79,259.25,15.6721,8.5752,269.8,48.41,113.7,732.32,203.87,247.95,419.26,405.65,6.8804,5.1,6.57,3.06,2.59,2.9,7.62,71.07,2816,13520,24016,24875,28846,3820.7,1077.92,113.69,143.1,99.55,98,57.9,6.7,170.3,0.7,907
2007.5,112.95,103.57,119.18,116.33,104,143.5,141.39,92.86,2436,2262,970,744,588.49,774.03,261.07,15.6432,8.5814,270.74,47.74,112.25,740.6,208.79,269.67,430.33,388.62,6.9627,5.1,6.84,3.16,2.83,2.87,7.57,71.32,2857,13712,24709,25195,29361,4471.03,1291.32,112.85,143.07,97.07,98.1,58,6.7,176.7,0.7,908
2007.58333,114.28,103.64,120.24,116.68,104.09,145.29,143.02,93.68,2454,2299,989,755,616.23,785.25,260.72,15.6297,8.8193,271.42,47.48,113.94,749.07,213.18,299.84,438.87,410.05,6.5852,5,7.02,3.42,2.94,2.27,7.56,72.07,2899,14070,24731,25575,29976,5218.83,1457.84,113.48,143.03,95.78,98.2,58,6.7,176,0.7,920
2007.66667,114.35,103.74,120.84,117.29,104.29,147.87,145.4,94.06,2486,2338,996,765,598.36,772.15,261.84,16.0153,8.9697,283.31,50.47,117.1,775.79,221.58,283.67,461.93,433.44,5.6118,5,7.29,3.74,3.09,5,7.51,71.88,2938,14327,25133,25862,30431,5552.3,1532.67,113.09,143,96.04,98.1,58.1,6.8,176.4,0.7,946
2007.75,114.89,103.94,121.72,118.27,104.39,150.24,147.61,94.7,2510,2377,1040,779,644.22,792.76,265.45,15.8362,9.1018,283.13,49.42,111.67,768.93,225.74,277.48,459.58,435.71,6.9474,5,7.29,3.87,3.26,4.86,7.47,70.88,2953,14519,25521,26186,31108,5954.77,1463.54,112.57,141.87,93.61,98.2,58.1,6.7,178.9,0.7,967
2007.83333,115.81,104.29,123.37,120.01,105.28,151.93,148.98,95.68,2527,2418,1062,793,661.69,815.3,263.54,15.8942,9.3085,284.5,49.1,116.2,787.29,230.48,274.19,486.09,423.25,9.3645,5,7.29,3.87,3.68,2.94,7.4,70.94,2982,14783,25813,26445,31672,4871.78,1236.31,112.04,140.73,98.4,98.3,58.2,6.7,176.1,0.7,995
2007.91667,116.6,104.52,124.7,121.53,105.33,151.24,149.17,96.48,2553,2463,1073,801,657.37,782.75,270.65,16.2132,9.5247,281.15,50.21,118.67,791.42,234.63,222.17,476.31,437.45,9.3524,5,7.47,3.97,3.69,3.49,7.3,72.34,3001,14898,25586,26632,32113,5261.56,1447.03,113.11,139.6,93.49,98.1,57.9,7,161.7,0.7,1011
2008,117.34,104.72,125.84,122.72,105.56,151.06,149.68,97.33,2572,2503,1092,826,696.62,853.82,263.35,16.2148,9.5192,293.89,48.85,114.8,829.31,241.6,221.79,507.48,463.5,11.4552,5,7.47,4.14,3.53,3.33,7.19,73.7,3162,15231,26362,26972,32784,4383.39,1311.29,111.59,139.93,94.25,98.1,58.7,6.6,177.5,0.7,1061
2008.08333,118.5,104.91,127.02,123.83,105.48,150.93,150.19,98.49,2581,2542,1104,847,718.32,834.98,271.57,15.5452,9.7285,291.28,48.56,107.11,818.4,246.72,224.98,498.79,406.7,8.77,5,7.47,4.14,3.38,3.21,7.11,75.96,2895,14939,25761,27259,33363,4348.54,1373.89,110.01,140.27,89.98,98.3,58.7,6.6,178.4,0.7,1060
2008.16667,119.2,105.15,127.99,124.93,105.46,149.63,150.62,99.19,2613,2592,1135,858,640.84,787.49,280.17,16.1608,9.7018,280.67,49.31,117.86,809.48,249.21,227.58,514.28,469.27,8.442,5,7.47,4.14,3.24,2.51,7.02,74.01,3073,14970,26827,27334,33583,3472.71,1098.49,110.31,140.6,94.28,98.4,58.8,6.6,177.9,0.7,1064
2008.25,119.56,105.25,128.74,125.76,105.58,148.83,151.33,99.9,2621,2618,1145,873,677.26,841.41,277.56,16.2373,9.7363,294.43,50.67,114.81,807.6,255.37,210.61,516.5,469.54,8.9582,5,7.47,4.14,3.17,3.15,7,74.38,3094,15310,27343,27759,34116,3693.11,1097.76,109.68,138.67,94.56,97.5,58.9,6.6,177.3,0.7,1099
2008.33333,119.6,105.31,129.17,126.48,105.69,148.91,151.75,100.29,2640,2648,1155,886,716.42,865.25,273.88,15.3418,9.7324,296.01,51.11,116.48,814.04,258.4,215.36,529.97,502.56,8.4853,5,7.47,4.14,3.28,3.35,6.95,74.65,3134,15474,27977,28103,34512,3433.35,1036.99,110.01,136.73,88.91,98.1,59,6.6,176.2,0.7,1122
2008.41667,119.98,105.64,129.92,127.45,106.06,149.13,152.07,100.71,2672,2691,1223,901,670.6,819.12,276.27,15.0719,9.9334,282.37,50.9,116.22,854.89,262.39,224.08,534.63,482.27,8.0697,5,7.47,4.14,3.46,3.38,6.86,75.03,3170,15400,28486,28412,34846,2736.1,793.13,109.84,134.8,85.05,97.9,59,6.1,173.9,0.7,1151
2008.5,120.05,105.84,130.36,128.68,106.83,149.28,152.36,101,2670,2697,1243,915,708.34,873.55,275.74,15.5591,9.8359,290.02,50.93,114.57,771.48,240.37,205.87,538.39,532.87,9.5928,5,7.47,4.14,3.53,3.08,6.84,75,3203,15570,29044,28872,35435,2775.72,827.59,110.22,131.13,84.67,97.8,59.1,6.1,176.2,0.7,1165
2008.58333,119.81,105.89,130.01,129,106.71,147.94,152.5,101.1,2680,2710,1253,927,683.46,859.85,283.86,13.6821,9.6609,282.34,47.2,113.06,709.76,240.64,182.2,461.16,503.74,8.0448,5,7.47,4.14,3.56,3.39,6.83,76.74,3219,15654,29414,29222,35833,2397.37,659.18,109.31,127.47,76.78,97.5,59.2,6.1,176.1,0.7,1158
2008.66667,119.56,105.9,129.19,128.58,106.79,144.9,152.62,101.2,2704,2736,1269,940,657.65,850.07,281,16.3878,9.6277,280.41,45.27,113.76,736.9,242.4,203.34,467.12,480.1,7.2541,5,7.2,4.14,3.34,3.18,6.82,78.86,3227,15709,29828,29624,36318,2293.78,614.04,108.93,123.8,76.57,97.6,59.2,4.3,158.6,0.4,1151
2008.75,119.65,105.73,126.61,127.13,106.3,143.2,152.57,101.23,2717,2751,1294,950,683.96,865.86,275.49,17.1259,9.7754,275.74,43.19,116.3,776.39,250.11,188.8,476.18,516.7,7.2431,5.1,6.66,3.92,2.8,3.12,6.83,82.28,3240,15800,30226,30013,36770,1728.79,470.91,107.86,114.07,70.1,97.4,59.1,4.3,162.1,0.4,1114
2008.83333,118.66,105.05,123.1,123.6,104.55,141.63,151.9,100.14,2707,2711,1332,959,503.22,740.25,252.1,17.3303,9.6769,269.92,43.75,118.53,695.5,252.93,177.55,470.83,513.68,5.9915,5.1,5.58,3.46,2.18,2.66,6.83,84.46,3267,15811,30911,29929,36416,1871.16,539.37,105.2,104.33,62.47,97.3,59.2,4.3,161.8,0.4,1064
2008.91667,117.99,104.34,120.88,120.68,104.49,139.96,151.1,99.22,2747,2725,1375,958,483.4,712.22,248.14,17.5784,9.9446,269.28,51.6,119.04,703.77,291.85,220.64,478.89,573.72,12.5267,5.2,5.31,2.44,1.3,1.51,6.83,82.49,3389,16233,31514,30862,37785,1820.81,553.3,101.84,94.6,75.11,97.3,58.2,6.9,184.4,0.7,1061
2009,117.75,104.01,120.43,119.31,102.76,139.9,150.35,98.58,2757,2717,1392,964,453.15,636.7,250.08,17.7012,8.4448,277.36,48.36,121.3,775.03,261.2,249.56,479.36,579.87,7.6764,5.2,5.31,2.25,1.07,0.96,6.84,84.08,3421,16470,32902,31990,38470,1990.66,610.28,101.25,96.77,75.73,97.9,58.5,4.4,152.8,0.4,1051
2009.08333,117.67,104.03,119.62,118.36,103.23,139.81,149.85,98.43,2750,2707,1391,968,439.16,626.22,253.21,18.9623,8.2649,281.12,50.56,130.3,856.84,266.72,253.75,494.96,613.58,7.651,5.3,5.31,2.25,1.09,0.95,6.84,86.33,3353,16911,33899,32961,38884,2082.85,659.07,100.97,98.93,89.77,97.6,58.5,4.4,154,0.4,1071
2009.16667,117.73,103.86,119.45,117.75,103.73,140.11,149.98,98.45,2834,2790,1461,986,464.98,639.1,256.5,18.6169,8.9032,285.86,51.66,125.04,925.49,272.11,297.18,499.53,590.43,7.5837,5.3,5.31,2.25,0.93,0.95,6.84,86.16,3406,17506,34888,34803,40772,2373.21,784.08,100.32,101.1,94.38,97.2,58.6,5.8,161.7,0.6,1105
2009.25,117.81,103.74,119.45,117.47,103.46,141.71,150.4,98.68,2830,2793,1505,1002,512.73,640.8,262.82,18.4101,8.6099,281.54,51.48,134.92,1037.07,276.93,326.58,503.52,594.76,6.993,5.3,5.31,2.25,0.99,0.94,6.83,84.16,3442,17934,35638,35346,41300,2477.57,828.96,100.51,104.13,99.51,97.5,58.7,5.8,165.7,0.6,1130
2009.33333,117.9,103.63,119.21,117.39,103.25,143.17,151.11,98.83,2862,2829,1558,1018,520.94,616.3,270.13,18.38,8.8324,286.59,54.55,127.48,1098.97,283.84,372.12,516.33,574.05,7.1285,5.3,5.31,2.25,0.95,0.95,6.83,81.44,3485,18380,36384,35942,41912,2632.93,881.77,101.16,107.17,104.23,97.5,58.9,5.7,168.4,0.6,1169
2009.41667,117.93,103.59,119.42,117.6,103.19,145.24,152.05,99.1,2920,2894,1659,1033,582.61,641.07,273.69,18.7778,8.9519,304.55,58.58,139.84,1161.2,292.35,387.6,600.82,576.46,7.4025,5.3,5.31,2.25,0.99,1.04,6.83,79.85,3528,19088,36951,37555,44244,2959.36,962.27,100.97,110.2,108.26,97.6,58.9,6.3,176.1,0.6,1212
2009.5,117.98,103.64,120.21,118.37,103.18,147.93,153.2,99.33,2935,2915,1614,1052,606.53,667.79,280.83,18.9804,9.1796,301.81,60.19,137.21,1249.31,295.08,418.59,608.49,596.75,6.4969,5.3,5.31,2.25,1.4,1.6,6.83,79.53,3568,19639,37550,37995,45385,3412.06,1117.99,102.12,113.5,108.94,97.6,58.8,6.3,180.6,0.7,1237
2009.58333,118.4,103.78,120.96,119.3,103.2,150,154.61,99.82,2956,2951,1646,1066,569.02,664.85,284.67,19.4957,9.3293,312.2,61.1,140.13,1294.9,305.89,434.67,614.74,591.44,8.6985,5.3,5.31,2.25,1.61,1.54,6.83,78.9,3597,20043,37920,38490,46615,2667.75,904.7,102.7,116.8,111.48,97.5,58.8,6.3,183,0.7,1261
2009.66667,118.62,103.91,121.8,120.1,103.26,151.5,155.74,100.4,2987,2999,1694,1081,638.41,726.3,285.09,19.5451,9.5989,318.45,61.63,143.21,1310.09,313.99,379.44,615.93,624.97,8.6146,5.3,5.31,2.25,1.51,1.59,6.83,78.15,3728,20465,38451,39025,47908,2779.43,949.23,102.8,120.1,112.89,97.7,58.9,6.2,185.9,0.7,1290
2009.75,118.81,104.08,121.85,120.89,103.32,153.51,157.15,100.94,3016,3044,1687,1105,641.36,754.1,288.05,20.1244,9.6622,327.22,64.26,143.44,1305.42,317.57,419.04,628.12,595.27,8.152,5.3,5.31,2.25,1.51,1.51,6.83,76.91,3712,20884,38823,39483,48833,2995.85,1053.97,103.22,122.63,113.76,98,59,6.2,189,0.7,1315
2009.83333,119.28,104.23,123.56,122.07,103.37,156.04,158.85,101.74,3031,3084,1686,1111,633.23,733.57,289.66,20.5995,9.8153,336.13,64.32,139.8,1326.55,327.49,444.69,635.54,594.39,8.2077,5.3,5.31,2.25,1.51,1.44,6.83,76.74,3755,21271,39191,39954,49776,3195.3,1185.94,103.33,125.17,113.34,98.1,59.2,6.1,187.3,0.7,1352
2009.91667,119.94,104.47,124.91,123.18,104.11,159.47,160.74,102.67,3047,3128,1778,1131,744.73,833.63,295.47,20.8205,9.6209,328.65,64.98,134.73,1360.41,334.25,389.4,643.31,730.92,8.4845,5.3,5.31,2.25,1.49,1.48,6.83,77.98,3785,21720,39626,40533,50898,3277.14,1201.34,103.92,127.7,114.59,98.1,58.4,6.7,207.5,0.7,1374
2010,120.1,104.65,125.86,124.3,104.11,161.57,162.99,103.11,3084,3180,1777,1182,700.17,796.96,295.19,21.2896,10.0014,330.78,64.64,147.6,1446.05,344.67,423.54,644.72,583.04,8.249,5.3,5.31,2.25,1.58,1.47,6.83,78.56,3630,22369,40070,41339,52366,2989.29,1120.45,104.7,130.3,117.17,98.1,59.1,6.8,213.6,0.7,1393
2010.08333,120.12,104.73,126.04,124.82,104.22,162.26,164.54,103.71,3102,3218,1740,1236,756.8,874.89,301.85,21.4026,10.6291,338.73,62.78,154.97,1480.73,352.31,430.96,644.52,734.24,7.9525,5.2,5.31,2.25,1.66,1.8,6.83,80.56,3855,22877,40646,41938,53481,3051.94,1172.33,104.2,132.9,112.68,97.2,59.2,6.8,214.7,0.7,1441
2010.16667,120.32,104.77,126.05,125.12,104.3,162.83,165.88,104.14,3125,3254,1830,1199,765.15,790.3,310.38,21.7232,10.5193,344.89,65.84,150.17,1450.75,364.04,422.73,661.75,655.43,8.3756,5.2,5.31,2.25,1.53,1.63,6.83,79.39,3925,23088,41123,42442,54427,3109.11,1211.25,107.9,135.5,114.83,98.1,59.1,6.9,219.3,0.8,1501
2010.25,120.85,104.92,127.01,125.78,104.41,164.35,167.99,105,3151,3308,1847,1236,770.81,836.83,301.56,21.0608,10.6015,350.87,67.62,148.77,1420.62,370.97,502.35,672.26,672.68,8.8203,5.2,5.31,2.25,1.62,1.64,6.83,79.35,3976,23480,41648,43147,55622,2870.61,1112.68,106.6,134.67,116.44,98.1,59,6.9,223.3,0.8,1509
2010.33333,121.26,105.04,127.64,126.63,104.83,164.31,168.75,105.67,3177,3357,1904,1261,767.29,903.01,301.68,22.0431,10.8619,348.57,68.29,153.97,1436.21,381.33,385.98,681.5,699.57,8.9984,5.2,5.31,2.25,1.74,1.93,6.83,81.36,4021,23697,42236,43762,56660,2592.15,1033.5,108.02,133.83,112.33,97.8,59.1,7,222.2,0.8,1539
2010.41667,121.16,105.17,127.47,126.23,105.72,163.61,168.95,105.99,3211,3403,2103,1278,782.49,917.08,302.77,23.1854,10.8218,341.72,68.23,151.32,1457.5,392.29,376.86,690.59,715.98,10.1591,5.2,5.31,2.25,2,2.72,6.79,81.76,4074,23855,42714,44360,57664,2398.37,945.29,108.5,133,107.53,97.9,59,6.6,218.5,0.7,1525
2010.5,121.67,105.22,127.65,125.69,105.4,163.16,168.89,106.52,3225,3435,1980,1297,750.22,915.16,303.94,22.622,11.0513,349.07,65.85,153.59,1456.94,396.38,368.16,705.44,723.94,8.6292,5.2,5.31,2.25,1.97,2.05,6.78,80.87,4115,24200,43265,45017,58752,2637.5,1075.45,107.8,133.97,106.91,97.8,58.9,6.8,227.1,0.8,1541
2010.58333,122.22,105.25,128.52,126.21,104.56,162.63,169.2,107.26,3264,3501,2001,1321,779.4,898.12,304.89,22.9034,11.2259,355.56,68.43,158.06,1493.37,409.66,410.93,710.85,776.01,9.1022,5.1,5.31,2.25,1.92,2.03,6.81,80.03,4178,24549,44637,45645,59786,2638.8,1166.5,107.3,134.93,108.01,98,58.8,6.8,226.8,0.8,1577
2010.66667,122.8,105.43,129.31,127.07,104.35,162.91,170.15,107.92,3290,3550,2061,1336,790.16,900.89,305.24,22.8981,11.0565,357.29,64.17,154.94,1534.12,420.82,490.88,733.52,792.96,9.3267,5.1,5.31,2.25,1.92,2.46,6.7,80.02,4256,24897,45177,46328,60908,2655.66,1169.02,104.1,135.9,111.61,98,58.8,7,228.9,0.8,1612
2010.75,123.75,105.65,131.43,128.43,104.02,162.91,171.22,108.76,3308,3598,2050,1349,788.05,912.21,308.24,22.8068,10.9942,356.58,65.13,156.38,1605.74,431.06,515.46,748.06,817.15,9.4059,5.1,5.56,2.35,1.99,2.02,6.69,78.83,4316,25455,45747,47031,62086,2978.84,1303.86,103.75,136.27,113.27,97.8,58.8,7,232.3,0.8,1654
2010.83333,125.23,106.28,133.95,130.54,104.47,162.99,172.04,110.15,3332,3670,2204,1363,851.4,968.73,308.12,21.9333,11.8125,364.97,67.55,166.48,1624.71,443.48,496.28,771.38,918.88,11.2589,5.1,5.56,2.5,2.32,2.06,6.68,80.36,4362,25916,46342,47766,63312,2820.18,1307.83,102.89,136.63,115.43,97.8,58.8,6.6,227.8,0.7,1714
2010.91667,125.4,106.72,134.72,131.34,105.07,164.38,172.56,110.86,3372,3738,2245,1378,892.85,944.27,309.14,23.1682,10.5053,309.99,67.03,165.15,1566.34,454.08,506.8,797.63,766.92,11.7136,5.1,5.81,2.55,3.03,4.3,6.62,81.39,4407,26068,46708,48475,64490,2808.08,1290.87,100.41,137,115.24,97.8,58,8.8,189.9,0.9,1744
2011,125.76,107.01,135.7,132.43,104.78,166.76,173.97,111.88,3388,3791,2327,1395,984.41,1052.83,316.48,23.4012,11.7088,383.12,72.23,169.44,1714.21,458.97,533.35,801.87,898,10.2475,5.1,5.81,2.75,3.04,4.7,6.59,81.67,4867,25852,47042,48286,64725,2790.69,1197.67,99.92,137.63,107.51,97.9,59.1,7.2,233.5,0.8,1787
2011.08333,126.53,107.23,136.67,133.2,104.8,168.1,174.75,112.63,3431,3864,2321,1414,885.08,858.58,317.64,23.3227,11.6263,374.24,70.9,156.29,1538.52,468.77,540.72,825.87,726.44,10.5356,5.1,6.06,2.93,3.11,4.03,6.58,82.09,4494,26435,47435,48850,66233,2905.05,1295.81,99.62,138.27,107.69,98.1,59.1,7.2,234.2,0.8,1804
2011.16667,127.04,107.57,137.45,133.72,105.03,168.31,175.38,113.53,3439,3904,2378,1431,931.21,1029.94,316,23.4325,11.7576,375.43,73.26,168.73,1504.01,479,528.99,818.11,838.79,10.5977,5.1,6.06,3,2.9,2.39,6.56,80.82,4537,26449,48490,49348,67624,2928.11,1253.68,107.6,138.9,111.56,98.2,58.9,6.9,230.8,0.8,1822
2011.25,127.4,107.84,137.95,134.11,104.38,169.06,176,114.2,3472,3965,2431,1450,899.66,1034.24,317.59,23.9659,11.9269,386.74,71.49,167.75,1462.72,496.13,470.62,845.05,908.95,10.2201,5.1,6.31,3.21,2.83,2.91,6.5,79.9,4567,26720,48493,49992,68717,2911.51,1200.62,106.58,136.73,108.49,98.1,58.9,7,234.2,0.8,1846
2011.33333,128.15,108.09,138.77,134.51,104.69,169.53,176.27,114.96,3498,4022,2472,1470,932.72,1010.38,322.33,24.7994,11.9274,390.06,74.1,173.55,1389.41,496.57,526.07,847.89,949.71,10.3884,5.1,6.31,3.25,2.95,3.78,6.48,80.03,4627,27015,48925,50564,69686,2743.47,1111.9,105.83,134.57,102.64,98.2,58.9,6.9,239.8,0.8,1860
2011.41667,129.15,108.25,139.86,134.8,104.77,169.74,176.51,115.77,3518,4073,2509,1492,896.37,1034.2,327.01,24.2108,12.2223,402.88,74.24,173.21,1495.3,505.64,534.23,873.71,926.5,10.284,5.1,6.31,3.25,3.34,5.95,6.47,80.29,4660,27188,49746,51135,70648,2762.08,1155.89,108.1,132.4,101.16,98.1,58.8,6.9,243.8,0.8,1884
2011.5,129.82,108.32,140.37,135.05,105.37,169.74,176.61,116.35,3535,4113,2548,1515,892.57,1056.16,327.57,24.5271,12.2677,392.62,75.01,175.67,1522.85,522.46,499.3,876.76,884.82,10.6554,5.1,6.56,3.45,3.59,5.25,6.44,80.54,4711,27258,50180,51759,71621,2701.73,1178.7,105.57,131.6,98.97,98.2,58.9,6.6,236.6,0.8,1900
2011.58333,129.99,108.58,140.37,135.2,105.96,169.74,176.64,116.63,3566,4160,2590,1538,967.34,1055.13,326.88,24.2424,12.309,393.16,75.76,172.98,1550.41,520.98,505.45,902.28,960.58,10.248,5.1,6.56,3.5,3.67,3.91,6.39,81.2,4784,27488,51092,52371,72570,2567.34,1143.34,105.01,130.8,99.55,98,58.9,6.8,239.4,0.8,1916
2011.66667,130.29,108.63,140.1,135.12,106.36,169.74,176.72,116.79,3595,4198,2638,1559,915.75,1011.8,329.61,24.8431,12.4853,396.13,75.91,174.04,1591.51,531.34,528.87,893.68,937.27,10.4123,5.1,6.56,3.5,3.81,4,6.35,83.8,4795,27329,51864,52947,73453,2359.22,1004.52,103.37,130,96.53,97.8,58.9,6.4,237,0.8,1934
2011.75,130.67,108.67,139.14,134.5,106.7,169.44,176.56,116.78,3610,4216,2676,1580,954.21,1000.36,327.43,24.9876,12.299,395.02,73.64,174.54,1573.78,539.77,463.05,892.63,1011.18,10.3584,5.1,6.56,3.5,3.23,3.93,6.32,84.83,4821,27810,55365,53673,74260,2468.25,1040.93,100.47,126.97,96.97,97.9,58.8,6.3,231,0.7,1948
2011.83333,130.57,108.8,138.2,133.74,107.24,168.85,176.17,116.61,3627,4229,2714,1600,988.32,1045.89,326.07,25.3029,12.4133,393.17,71.64,172.55,1565.32,536.28,477.73,890.96,1004.68,10.1778,5.1,6.56,3.5,2.73,3.79,6.35,85.39,4892,28083,55920,54359,74994,2333.41,994.02,97.03,123.93,96.04,97.8,58.8,6.5,232,0.8,1961
2011.91667,130.48,108.82,137.54,133.19,107.84,168.22,175.75,116.67,3650,4258,2755,1622,931.99,1009.06,323.68,25.0675,12.2168,318.62,72.42,168.63,1561.88,551.56,527.93,887.61,959.08,10.0805,5.1,6.56,3.5,2.69,4.02,6.3,86.7,5007,28289,57263,55351,76243,2199.42,866.65,100.46,120.9,97.23,97.7,58.7,7.8,181.2,0.8,1981
2012,130.85,108.8,137.26,132.88,107.46,167.84,175.51,116.73,3677,4292,2802,1625,938.49,942.16,326.48,25.455,12.4771,394.77,74.83,169.5,1442.49,559.47,430.12,930.41,956.15,10.1717,5.1,6.56,3.5,2.78,4.45,6.31,87.92,5020,26764,58273,55580,76502,2292.61,855.2,103.92,121.6,86.21,97.7,58.4,6.1,222.4,0.7,1991
2012.08333,131,109.22,137.57,132.75,107.23,167.58,175.32,117.04,3696,4326,2854,1641,992.89,1019.83,325.55,25.2268,12.6733,415.4,77.52,179.8,1492.22,566.8,436.58,922.95,1103.89,9.857,5.1,6.56,3.5,2.91,4.16,6.29,86.72,4725,26445,57380,56234,77478,2428.49,956.99,105.02,122.3,99.71,97.9,58.4,6.1,222,0.7,2003
2012.16667,131.72,109.37,137.73,132.84,107.92,167.01,174.75,117.39,3721,4368,2887,1661,945.45,1077.61,329.92,25.4888,12.7506,414.74,78.98,185.55,1623.14,574.3,492.21,957,1086.08,9.9422,5.1,6.56,3.5,2.88,3.19,6.29,86.92,5012,27594,60931,57102,78812,2262.79,891.84,100.04,123,100.2,97.8,58.8,6.4,225.7,0.7,2028
2012.25,131.91,109.53,137.99,133.05,107.8,166.58,174.23,117.71,3741,4403,2916,1677,877.13,1046.75,345.13,25.9892,12.8058,397.33,78.69,175.33,1574.71,569.65,472.25,938.53,1007.64,10.3123,5.1,6.56,3.5,2.86,3.85,6.28,86.79,5062,27612,60612,57741,79691,2396.32,940.35,102.95,122.38,95.39,97.9,58.8,6.3,222.5,0.7,2034
2012.33333,132.11,109.62,137.24,132.53,107.69,166.29,174.02,117.94,3772,4449,2946,1695,1031.29,1134.38,341.17,26.0483,13.1686,410.06,77.51,177.79,1631.06,589.67,525.58,960.73,1030.92,10.1665,5.1,6.56,3.5,2.53,2.94,6.34,87.53,5088,27934,61570,58524,80810,2372.23,967.59,104.18,121.77,97.82,98,58.7,6,223.1,0.7,2053
2012.41667,131.76,109.74,136.23,131.9,107.36,166.54,174.11,118.03,3792,4476,3002,1714,941.67,1133.37,323,26.443,12.99,396.03,78.72,175.21,1632.13,592.85,561.98,952.1,1085.57,9.5564,5.1,6.31,3.31,2.27,3.23,6.32,87.4,5137,28359,62777,59294,81899,2225.43,921.41,99.26,121.15,96.63,97.8,58.8,6.3,224.3,0.7,2070
2012.5,132.04,109.95,135.42,131.32,106.12,166.79,174.44,118.14,3815,4507,3043,1732,936.61,1060.1,308.4,26.7752,13.0538,412.83,79.78,180.51,1670.65,594.67,612.23,967.18,1168.31,9.944,5.1,6,3.04,2.27,3.49,6.33,87.33,5187,28669,63519,60044,83408,2103.63,849.96,98.19,119.6,99.08,97.9,58.8,6.1,224.1,0.7,2082
2012.58333,132.64,110.12,135.09,130.54,106.89,167.04,174.72,118.14,3832,4527,3079,1751,945.75,1078.39,306.46,26.8612,12.9069,408.96,77.33,184.96,1673.9,617.79,603.2,965.69,1084.64,10.2545,5.1,6,3,2.5,3.48,6.34,86.98,5225,28822,64178,60821,84956,2047.52,838.53,99.41,118.05,98.61,98.1,58.7,5.9,225.2,0.6,2095
2012.66667,132.58,110.34,134.91,130.47,106.78,167.29,174.84,118.25,3867,4573,3140,1774,941.52,1118.07,312.26,27.0385,13.7111,411.22,80.33,189.38,1611.53,613.3,559.01,981.53,1114.46,9.853,5.1,6,3,2.75,3.42,6.34,86.3,5405,29282,65498,61497,86328,2086.17,853.83,100.84,116.5,98.23,98.3,58.7,6.2,224.7,0.7,2113
2012.75,132.59,110.53,135.05,130.66,106.62,167.75,174.94,118.34,3889,4602,3191,1795,957.84,1106.66,315.55,27.531,13.3268,419.79,81.94,189.66,1608.73,630.41,605.68,998.24,1062.32,10.3578,5.1,6,3,2.87,3.17,6.3,86.49,5381,29502,65969,62220,87843,2068.88,844.8,106.06,117.8,97.96,98.2,58.7,6.4,226.4,0.7,2129
2012.83333,133.08,110.6,135.19,130.52,106.49,168.67,175.45,118.58,3919,4647,3238,1817,970.66,1059.39,324.37,27.4097,13.4436,426.21,82.87,191.46,1649.87,645.6,637.52,1007.22,1112.47,9.8141,5.1,6,3,2.89,3.19,6.29,88.01,5393,29679,66469,62881,89249,1980.12,752.84,105.1,119.1,97.06,98.3,58.6,6.5,230.9,0.7,2148
2012.91667,133.7,110.73,135.44,130.45,105.81,170.36,176.03,119.05,3936,4686,3286,1839,966.34,1135.37,325.93,28.084,13.5242,432.81,82.93,196.61,1648.7,638.25,610.8,1026.7,1069.42,10.7363,5.1,6,3,2.9,3.34,6.29,88.26,5423,29985,67845,63587,90726,2269.13,881.17,103.7,120.4,99.94,98.4,58.5,6.5,218.9,0.7,2167
2013,134.27,110.83,135.87,130.46,105.41,173.61,177.21,119.44,3959,4728,3341,1842,1012.22,1198.38,325.3,27.336,13.7229,432,86.13,192.16,1719.84,661.55,739.75,1011.25,1193.05,8.6816,5.1,6,3,2.83,3.09,6.28,89.5,5491,30321,68647,64093,91944,2385.42,936.21,104.5,121.07,105.97,98.5,58.6,6.3,231,0.7,2180
2013.08333,134.46,110.95,135.84,130.49,105.1,178.23,179.28,119.82,3982,4771,3391,1858,985.44,1198.66,339.23,28.671,13.6913,418,86.49,181.98,1783.76,669.45,746.19,1036.64,1169.12,10.7966,5.1,6,3,2.75,3.46,6.28,90.97,5530,30101,69705,64707,93343,2365.59,966.42,108.2,121.73,103.74,97.5,58.6,6.3,230.4,0.7,2197
2013.16667,134.46,111.21,135.52,130.39,104.73,183.23,181.22,119.86,4020,4818,3441,1886,1087.75,1193.68,329.55,28.8774,13.8192,430.94,83.28,188.13,1690.25,678.15,709.61,1032.77,1131.5,10.6648,5.1,6,3,2.74,3.15,6.27,91.25,5559,31279,70881,65543,95115,2236.62,927.89,102.6,122.4,107.94,97.3,58.5,6.1,229.6,0.7,2213
2013.25,134.91,111.31,135.02,129.58,104.37,186.76,183.13,120.05,4030,4839,3495,1905,1024.85,1192.84,324.37,28.5241,13.8271,440.89,87.33,202.13,1778.95,692.32,733.96,1051.74,1172.6,10.2809,5.1,6,3,2.73,3.35,6.22,92.14,5610,30979,71654,66349,96657,2177.91,912.62,103.7,120.6,104.15,98.4,58.5,6.1,231.1,0.7,2231
2013.33333,134.87,111.27,134.22,128.8,104.42,189.89,184.86,119.9,4063,4871,3542,1923,1010.14,1112.28,323.18,29.1219,13.9934,436.13,87.36,197.95,1785.97,701.73,705.8,1055.62,1128.44,10.6575,5.1,6,3,2.84,3.65,6.18,92.93,5630,31105,72405,67024,97973,2300.6,1035.8,99,118.8,103.97,97.9,58.4,6.3,233.3,0.7,2247
2013.41667,135.2,111.38,133.92,128.5,104.5,193.02,186.49,120.01,4081,4897,3587,1944,919.98,1078.43,323.17,29.8733,14.0159,445.35,85.72,201.02,1874.84,711.03,664.87,1069.95,1116.53,11.1862,5.1,6,3,3.24,7.02,6.18,92.96,5647,31054,72986,67666,99230,1979.21,887.68,97,117,97.74,98.1,58.3,6.1,230.8,0.7,2261
2013.5,135.45,111.56,133.88,128.31,104.47,195.68,187.93,120.31,4109,4943,3644,1965,1016.97,1099.05,325.63,29.7609,14.1265,449.56,90.55,201.1,1847.05,725.64,716.03,1081.84,1150.9,12.3147,5.1,6,3,3.47,4.18,6.18,93.75,5671,31317,74077,68630,100752,1993.8,942.97,97.2,117.83,99.74,98.2,58.3,6.2,232.1,0.7,2281
2013.58333,135.9,111.77,133.92,128.38,104.32,198.56,189.44,120.68,4138,4994,3700,1983,990.96,1121.46,327.44,30.2456,14.172,465.59,90.46,201.41,1873.93,725.37,713.38,1089.51,1182.16,10.4298,5.1,6,3,3.54,4.07,6.17,93.8,5696,31682,75108,69444,102019,2098.38,996.7,97.8,118.67,96.64,98,58.4,6.6,235.5,0.7,2306
2013.66667,136.51,111.99,134.36,128.55,104.38,201.34,190.79,121.16,4179,5063,3743,2003,980.28,1081.4,338.47,30.567,14.2504,455.83,93.45,204.06,1913.26,747.97,728.27,1102.08,1200.03,10.6226,5,6,3,3.59,3.76,6.15,94.07,5745,31902,76309,70280,103318,2174.67,1056.55,99.8,119.5,99.14,97.9,58.5,6.5,236.8,0.7,2319
2013.75,136.8,112.17,134.54,128.46,104.3,203.05,192.01,121.46,4190,5089,3765,2022,990.46,1132.45,336.84,30.4332,14.338,458.8,93.69,209.01,1914.9,742.36,714.03,1102.41,1293.93,10.3665,5,6,3,3.63,4.35,6.14,93.05,5773,32157,76764,71040,104588,2141.61,1021.04,102.9,118.7,99.69,97.9,58.4,6.4,235.8,0.7,2338
2013.83333,136.99,112.32,134.43,128.45,104.14,204.63,193.07,121.63,4211,5121,3821,2042,990.65,1160.76,332.78,30.3928,14.4744,458.04,92.57,204.36,1858.66,757.9,743.78,1116.59,1221.32,9.8402,5,6,3,4.07,4.52,6.13,94.2,5813,32403,77510,71798,105851,2220.5,1089.6,98.9,117.9,97.87,97.9,58.4,6.4,237.9,0.7,2355
2013.91667,137.08,112.54,134.31,128.4,104.41,205.85,193.95,121.63,4243,5161,3877,2062,999.3,1133.2,335.99,30.6104,14.5486,473.94,90.48,212.42,1860.52,782.2,674.03,1117.08,1315.71,9.6665,5.1,6,3,4.08,5.26,6.1,95.04,5824,32718,78457,72603,107190,2115.98,1057.67,102.3,117.1,96.15,98,58.5,6.6,221.5,0.7,2367
2014,137.21,112.72,133.86,128.26,104.19,206.92,194.85,121.58,4250,5167,3935,2079,1081.92,1273.35,331.02,30.8557,14.4915,466.82,94.27,202.09,1905.49,769.76,717.44,1136.95,1349.48,9.9342,5.1,6,3,3.92,4.71,6.11,96.85,6340,31136,80128,73124,108130,2033.08,1081.27,101.1,116.76,91.08,98.2,57.9,6.4,228.5,0.7,2381
2014.08333,137.57,112.87,133.12,127.81,104.21,207.72,195.47,121.26,4303,5218,3983,2098,1071.38,969.21,320.67,32.4429,14.738,471.76,94.38,202.29,1927.26,779.53,723.39,1135.44,1108.17,11.0923,5.1,6,3,3.42,4.3,6.12,96.78,5990,32170,81332,73845,109405,2056.3,1090.87,103.1,116.42,99.09,97.8,57.9,6.4,227.4,0.7,2394
2014.16667,137.68,113.01,132.63,127.46,104.48,208.5,195.98,121.12,4314,5225,4026,2121,960.23,1104.4,314.23,30.7503,14.6637,464.49,93.71,209.55,1915.52,787.21,662.48,1141.95,1354.02,10.5118,5.1,6,3,3.17,3.39,6.15,93.92,5916,32455,82277,74666,110847,2033.31,1039.88,107.9,116.08,97.9,97.5,58.1,6.2,226.2,0.7,2416
2014.25,137.39,113.14,132.22,127.07,104.41,208.86,196.14,121.22,4341,5262,4073,2138,1035.06,1195.17,318.3,31.622,14.9051,469.26,90.35,208.72,1971.94,800.9,629.59,1146.4,1188.84,10.3199,5.1,6,3,3.43,3.58,6.16,91.82,5929,32788,83488,75479,112234,2026.36,1027.58,104.8,115.74,100.63,97.9,58,6.2,223.3,0.7,2430
2014.33333,138.26,113.28,132.19,126.96,103.99,208.7,195.82,121.56,4364,5305,4112,2160,995.77,1191.48,321.16,31.8665,14.8283,470.64,92.78,205.02,1972.21,797.7,625.24,1153.3,1373.24,10.1252,5.1,6,3,3.48,3.23,6.17,91.31,5967,33133,84623,76363,113738,2039.21,1053.75,102.3,115.4,100.02,98,58,6.2,222.7,0.7,2444
2014.41667,138.49,113.37,132.5,126.97,104.44,207.86,194.88,121.76,4393,5349,4155,2178,964.31,1154.74,321.85,31.9175,14.9053,474.78,93.64,211.88,1988.35,803.18,639.98,1156.64,1323.57,11.2931,5.1,6,3,3.32,3.4,6.15,91.32,5968,33622,85600,77118,115020,2048.33,1096.79,104.7,115.06,100.34,98,58,6.3,222.3,0.7,2458
2014.5,138.65,113.41,132.58,127.06,103.84,205.47,192.96,122.06,4409,5381,4193,2199,999.29,1266.62,319.05,32.8772,14.9202,469.08,91.26,209.78,2009.31,804.68,610.47,1158.99,1268.92,10.2868,5.1,6,3,3.63,3.83,6.17,91.83,5967,33502,86138,77900,116378,2201.56,1160.01,104.4,114.71,96.99,97.8,57.9,6.3,220.5,0.7,2476
2014.58333,138.77,113.45,132.03,126.85,103.86,202.96,190.71,122.16,4427,5409,4231,2216,971.44,1221.17,324.88,32.8182,15.0893,459.7,91.81,207.01,1982.84,812.72,626.82,1173.13,1272.22,9.2033,5.1,6,3,3.76,3.48,6.16,93.39,6024,33390,86910,78701,117763,2217.2,1212.26,103.8,114.37,93.82,97.9,57.8,6.2,215.8,0.6,2480
2014.66667,138.8,113.55,131.2,126.28,103.83,200.77,188.81,122.17,4497,5493,4274,2234,1048.6,1244.07,317.25,33.3041,15.2488,472.26,96.02,205.75,1944.01,811.76,660.12,1178.21,1273.15,10.7172,5.1,6,3,3.78,3.27,6.15,95.63,5993,33335,87640,79537,119205,2363.87,1333.5,105.4,114.03,93.07,97.8,57.8,5.9,217.1,0.6,2502
2014.75,139.14,113.68,130.46,125.59,104.18,198.97,187.36,122.14,4495,5490,4315,2254,1028.79,1256.26,314.73,33.6077,15.5585,471.65,95.92,211,1902.46,820.41,699.63,1193.28,1255.68,10.7712,5.1,6,3,3.55,3.08,6.15,97.15,5963,33091,88574,80445,120176,2420.18,1350.5,103.4,113.69,92.5,97.9,57.7,6.1,218.5,0.6,2513
2014.83333,139.18,113.71,129.55,124.94,103.51,198.37,186.35,121.99,4509,5501,4355,2274,917.51,1207.46,310.55,34.7222,15.5338,470.82,94.47,207.11,1890.48,820.02,691.43,1194.16,1288.29,11.5861,5.1,5.6,2.93,3.16,3.24,6.13,99.28,6042,33444,89461,81461,121326,2682.84,1420.32,105.5,113.35,90.67,97.8,57.6,6,215.9,0.6,2521
2014.91667,139.25,113.71,128.27,124.02,103.51,198.62,185.57,121.92,4558,5556,4396,2296,969.62,1225.91,300.73,34.7667,15.6306,558.19,97.36,211.83,2007.83,806.03,722.56,1201.68,1413.24,11.688,5.1,5.6,2.75,3.3,4.31,6.12,100.48,5995,33693,89837,82510,122527,3234.68,1415.19,105.8,113.01,88.39,97.7,57.5,5.8,215.9,0.6,2540
2015,138.93,113.65,126.47,122.74,103.53,198.77,184.88,121.25,4584,5558,4435,2314,865.13,1236.8,294.43,34.6191,15.7742,465.96,95.6,213.58,1854.28,820.02,624.71,1211.62,1280.03,12.1606,5.1,5.6,2.75,3.17,3.99,6.14,102.17,5631,33844,90366,83529,125109,3210.36,1512.39,105.7,112.67,94.48,97.9,57.1,5.9,213.4,0.6,2552
2015.08333,139.51,113.84,125.14,121.87,103.53,198.5,184.15,121.53,4566,5549,4469,2333,857.72,1464.68,290.51,35.3987,15.3464,484.15,95.72,213.77,1968.89,822.9,634.91,1216.04,1549.3,11.0368,5.1,5.6,2.75,3.07,4.65,6.15,103.72,6486,34066,90985,84523,126356,3310.3,1630.05,109.8,112.33,90.48,97.8,57.1,5.9,212.7,0.6,2562
2015.16667,139.73,114,125.48,121.69,103.57,198.94,183.94,121.58,4638,5639,4510,2353,847.74,948.94,291.25,35.5238,16.0871,477.89,96.31,174.28,2202.31,814,640.6,1229.4,1307.94,11.1417,5.1,5.35,2.5,3.1,4.49,6.14,104.58,6285,34084,92064,85676,127492,3747.9,1958.4,107.1,111.99,88.04,97.7,57.1,6,208.4,0.6,2569
2015.25,139.88,114.19,125.17,121.37,103.49,200.81,183.78,121.72,4647,5657,4548,2371,873.09,1119,287.03,35.7899,15.7167,493.06,92.8,185.1,2019.49,808.62,690.89,1230.97,1533.7,11.2778,5,5.35,2.5,3.05,2.94,6.11,103.97,6140,34131,93284,86426,128482,4441.65,2267.77,107.6,111.65,90.89,97.8,57.1,6.1,209.5,0.6,2583
2015.33333,140.22,114.44,125.01,121.23,103.58,206.88,183.78,121.94,4670,5694,4593,2390,811.8,1151.21,286.9,35.9173,15.551,489.37,92.65,189.76,2015.48,815.96,749.97,1247.96,1435.6,11.4927,5,5.1,2.33,2.4,2.12,6.12,102.61,6114,34596,95755,87300,129799,4611.74,2793.25,109.9,111.31,97.88,97.7,57,6.1,208.8,0.6,2596
2015.41667,140.52,114.59,124.78,120.98,103.5,213.5,184.07,122.04,4712,5751,4638,2412,895.52,1174.12,285.3,36.0933,15.5228,494.65,92.89,196.69,1959.75,820.02,802.02,1268.11,1434.96,11.0988,5,4.85,2.23,1.77,2.52,6.11,103.24,6105,35150,96764,88240,131131,4277.22,2464.23,105.54,110.97,95.17,97.5,57,6.1,206.5,0.6,2614
2015.5,140.97,114.65,123.77,120.33,103.55,219.27,184.39,121.99,4743,5786,4682,2431,911.12,1154.15,283.29,35.9922,15.6988,481.52,88.48,198.18,1855.58,823.4,802.98,1280.43,1567.77,11.235,5,4.85,2,2.23,2.58,6.12,104.85,6124,35628,99739,90176,132255,3663.73,2110.62,104.48,110.63,96.19,97.7,57,6,205.9,0.6,2620
2015.58333,141.58,114.69,122.84,119.51,103.52,224.2,184.78,122,4757,5804,4727,2453,864.11,1193.76,274.04,36.9341,15.2483,483.11,91.5,198.45,1949.69,816.88,803.51,1280.12,1577.9,11.0245,5,4.6,1.95,2.26,2.48,6.39,104.38,6144,36354,99708,91097,133614,3205.99,1790.31,104,110.29,95.28,97.6,56.9,5.7,206,0.6,2633
2015.66667,141.07,114.68,121.7,118.86,103.41,228.91,185.17,121.69,4765,5798,4769,2473,856.43,1234.25,268.29,36.9993,15.5384,487.78,94.39,195.64,1975.96,820.03,758.3,1279.05,1569.52,10.9844,5.1,4.6,1.75,2.31,2.41,6.36,104.31,6191,36961,99736,92064,134844,3052.78,1716.78,105.6,109.94,93.59,97.8,56.9,6,206.5,0.6,2646
2015.75,140.77,114.75,120.69,118.22,103.5,231.71,185.41,121.69,4818,5863,4816,2493,857.74,1201.24,260.19,37.2059,15.6783,489.09,94.05,202.2,2082.45,816.04,804.3,1297.97,1752.68,10.9043,5.1,4.35,1.69,2.41,2.43,6.35,103.36,6221,37739,100386,93001,135980,3382.56,2014.86,103.8,109.6,97.75,97.7,56.9,6,206.8,0.6,2657
2015.83333,141.22,114.87,119.59,117.41,103.6,235.42,185.9,121.78,4844,5899,4860,2516,862.99,1160.46,263.54,37.4528,15.7155,494.41,96.22,187.87,2167.87,826.39,874.21,1301.55,1606.4,11.4289,5.1,4.35,1.5,2.54,2.37,6.4,104.99,6247,38519,100625,93920,136921,3445.4,2203.61,104.1,109.26,98.45,97.6,56.7,6,207.3,0.6,2672
2015.91667,141.62,114.96,118.66,116.51,103.53,239.24,186.47,121.73,4837,5888,4904,2537,943.65,1269.53,276.16,37.9731,15.8191,482.25,93.8,203.65,2278.12,826.61,834.81,1334.42,1580.66,11.4921,5.1,4.35,1.5,2.42,2.45,6.49,104.47,6293,39008,101079,94937,138943,3539.18,2308.91,103.7,108.92,99.07,97.7,56.9,6,201.4,0.6,2685
2016,141.59,115.1,118.11,116.06,103.47,244.4,187.21,121.55,4886,5939,4940,2557,748.26,1166.75,270.68,38.7391,15.6515,492.13,92.31,201.01,2149.87,835.58,901.48,1291.22,1505.86,12.4644,5,4.35,1.5,2.32,2.49,6.55,104.07,6336,40470,100428,96139,157938,2737.6,1689.43,104,108.58,100.84,97.8,57,6,211.7,0.6,2698
2016.08333,142.27,115.24,117.4,115.98,103.71,250.72,188.13,121.95,4907,5985,4971,2573,792.99,1186.55,251.95,37.5384,15.7449,494.34,92.42,201.13,2143.36,835.39,912.84,1320.79,1521.85,10.8263,5,4.35,1.5,2.29,2.42,6.55,105.05,6163,38884,98245,97098,153697,2687.98,1643.36,104.4,108.24,98.48,97.8,56.9,6,210.9,0.6,2708
2016.16667,143.36,115.38,118.91,116.41,103.88,259.65,190.24,122.34,4943,6047,5015,2596,834.79,1114.38,268.71,38.9593,15.8981,504.95,98.6,217.59,2070.1,846.87,993.65,1307.09,1582.28,10.8882,5,4.35,1.5,2.13,2.49,6.46,103.27,6476,41268,102031,98216,161916,3003.92,1912.21,100,107.9,101.52,97.8,56.8,6.2,214.5,0.6,2725
2016.25,143.22,115.47,119.96,117.2,103.69,266.98,192.99,122.65,4963,6088,5061,2617,838.46,1171.51,271.34,39.4973,15.9962,495.96,92.99,189.91,2193.18,851.8,1056.32,1346.77,1631.45,11.7036,5,4.35,1.5,2.22,2.49,6.46,101.35,6487,41912,102411,98904,164039,2938.32,1873.99,101,107.93,104.01,97.6,56.6,6.2,217,0.6,2736
2016.33333,143.22,115.63,120.39,117.82,103.64,272.25,195.43,122.89,4997,6141,5098,2638,867.96,1181.77,267.24,39.6238,15.957,504.24,89.81,194.66,2256.95,856.34,1004.36,1340.74,1656.47,11.3359,5,4.35,1.5,2.31,2.42,6.58,100.55,6507,42910,103240,99910,165803,2916.62,1872.36,99.8,107.97,103.19,97.6,56.5,6.2,215.3,0.6,2749
2016.41667,143.5,115.89,120.8,117.92,103.6,278.44,197.48,123.17,5022,6185,5133,2662,882.33,1185.7,268.32,40.1514,16.4123,505.3,91.96,200.77,2287.86,857.37,950.08,1339.17,1634.87,11.1963,5.1,4.35,1.5,2.4,2.5,6.63,98.95,6541,43804,103767,100926,168016,2929.61,1974.24,102.9,108,104.46,97.6,56.5,6.2,219,0.6,2762
2016.5,143.65,116.16,121.29,118.37,103.57,282.9,199.77,123.49,5051,6238,5161,2683,863.14,1174.59,265.2,40.8259,16.1818,513,101.36,198.5,2308.94,866.38,1044.97,1333.69,1650.48,10.9001,5,4.35,1.5,2.3,2.47,6.65,97.97,6573,44591,104848,101840,169807,2979.34,1941.56,106.8,109.13,106.82,97.6,56.4,6.3,219.3,0.6,2776
2016.58333,143.63,116.28,121.34,118.58,103.51,292.45,203.36,123.71,5084,6290,5195,2707,908.15,1208.97,276.99,41.82,16.3626,522.76,94.89,201.79,2364.3,873.3,1062.62,1343.96,1692.31,10.6916,5,4.35,1.5,2.15,2.48,6.69,97.25,6607,45356,105946,102900,172245,3085.49,2032.87,105.6,110.27,109.22,97.7,56.4,6.3,221.1,0.6,2792
2016.66667,144,116.51,121.94,118.87,103.44,302.03,208.37,124.02,5098,6323,5225,2729,882.12,1159.31,284.28,41.9199,16.3537,523.9,96.27,202.32,2420.69,876.36,1160.17,1353.91,1709.22,10.3728,5,4.35,1.5,2.16,2.53,6.68,97.59,6624,45973,106296,104054,174555,3004.7,1995.61,104.6,111.4,107.85,97.6,56.3,6.2,220.5,0.6,2805
2016.75,144.02,116.62,122.99,119.66,103.48,303.46,211.3,124.28,5140,6388,5256,2748,901.21,1178.82,291.08,42.4622,16.2424,531.33,96.5,203.92,2480.54,893.35,1150.25,1369.46,1679.88,10.9258,5,4.35,1.5,2.15,2.7,6.76,97.39,6662,46538,107122,105153,176656,3100.49,2050.28,107.2,112.13,110.33,97.9,56.3,6.2,224.6,0.6,2818
2016.83333,144.39,116.84,124.74,121.18,103.44,303.84,212.19,125.18,5174,6477,5286,2774,963.12,1220.93,298.51,42.4749,16.5034,530.42,97.59,200.05,2482.82,888.21,1041.82,1388.43,1807.84,10.2752,5,4.35,1.5,2.18,2.72,6.89,97.95,6736,47086,107642,106167,179162,3250.03,2106.91,108.6,112.87,109.42,97.9,56.2,6.7,227.7,0.7,2834
2016.91667,144.51,117.17,126.51,122.75,103.47,303.84,212.47,126.03,5188,6538,5316,2798,1039.64,1267.12,303.8,42.745,16.5664,518.42,93.02,198.67,2448.26,905.64,1036.52,1379.59,1520.23,11.3221,5,4.35,1.5,2.67,3.08,6.94,98.81,6786,47469,108478,107680,181363,3103.64,1969.11,108.4,113.6,108.65,97.9,56.1,6.2,220.7,0.6,2847
2017,144.67,117.66,127.81,124,103.4,303.8,212.7,126.8,5220,6619,5349,2813,983.1,1233.71,307.67,43.4225,16.4982,525.13,94.75,201.61,2447.76,899,1124.76,1405.9,1820.45,10.961,5.2,4.35,1.5,2.69,2.67,6.86,99.21,7290,47153,109729,108252,183702,3159.17,1917.32,109.2,116.97,105.96,97.8,56.3,6.8,222.7,0.7,2864
2017.08333,144.26,117.7,128.34,124.7,103.44,304.17,213.24,127.06,5265,6690,5382,2841,1054.83,1239.23,309.36,44.0747,17.3054,528.01,94.86,201.64,2381.49,908.24,1136.55,1391.36,1609.61,11.1187,5.4,4.35,1.5,2.78,3.08,6.88,98.25,6834,48739,110372,109596,185292,3241.73,2001.32,112.6,120.33,116.43,97.8,56.2,6.8,222,0.7,2880
2017.16667,144.73,117.94,128.86,125.25,103.57,306.06,214.6,127.57,5294,6754,5415,2865,1075.83,1338.94,313.45,44.6366,17.1625,550.06,94.42,204.19,2295.94,913.01,1191.84,1418.33,1868.92,11.0615,5.1,4.35,1.5,2.83,3.51,6.9,96.91,6854,48859,110574,110455,187413,3222.51,1986.47,111,123.7,110.36,97.7,56,6.7,225.4,0.7,2902
2017.25,145.1,118.15,128.45,124.94,103.53,307.12,215.78,127.71,5316,6788,5446,2887,1014.05,1316.33,313.26,44.1862,17.2274,541.52,92.98,204.03,2262.18,920.22,1155.11,1413.84,1733.86,10.6376,5,4.35,1.5,3.06,3.36,6.89,96.08,6903,49801,110609,111690,189424,3154.66,1906.92,113.4,123.5,107.22,97.7,56,6.4,218.6,0.6,2915
2017.33333,145.54,118.25,128.08,124.69,103.53,307.35,217,127.81,5349,6837,5477,2910,1030.68,1298.59,305.01,45.5604,17.4912,540.02,89.8,198.21,2270.33,923.6,1125.65,1427.75,1785.94,10.373,4.9,4.35,1.5,3.44,3.29,6.86,95.33,6948,50338,111346,112827,191645,3117.18,1808.3,112,123.3,104.87,98,56,6.4,222.9,0.6,2930
2017.41667,145.73,118.41,128.17,124.54,103.55,307.27,218.2,128.18,5377,6892,5504,2936,1048.48,1309.39,309.08,45.2619,17.7025,545.48,91.96,199.35,2343.38,934.96,1190.91,1443.69,1837.96,10.9111,4.9,4.35,1.5,3.54,3.49,6.77,95.59,6966,50108,112142,114022,193367,3192.43,1897.69,113.3,123.1,104.99,98.1,55.8,6.4,227.8,0.6,2953
2017.5,145.83,118.55,128.52,125.2,103.55,307.35,219.1,128.57,5395,6936,5529,2959,967.3,1253.11,310.49,45.8684,17.7172,560.92,93.19,198.35,2450.62,928.46,1102.68,1455.31,1772.75,9.3093,5.1,4.35,1.5,3.43,3.32,6.73,95.69,6985,51258,112654,115259,196219,3273.03,1879.1,114.6,123.27,104.83,97.9,55.8,6.6,224,0.6,2964
2017.58333,146.07,118.83,129.56,126.11,103.6,306.5,219.46,129.22,5424,7009,5553,2983,1006.45,1248.79,313.13,45.8229,17.6817,552.85,93.5,194.74,2466.11,944.02,1144.31,1467.03,1770.73,10.8135,5.1,4.35,1.5,3.36,3.54,6.6,96.27,7033,51743,113723,116480,198137,3360.81,1944.94,114.7,123.43,106.13,98.1,55.8,6.9,224.7,0.7,2978
2017.66667,146.09,119.21,130.24,126.95,103.67,305.89,219.86,129.64,5457,7075,5575,3008,1044.28,1236.57,309.43,47.1943,17.6878,556.58,84.34,201.75,2515.36,951.87,1197.1,1485.05,1751.21,11.3194,5,4.35,1.5,3.46,3.41,6.64,97.57,7073,52017,114887,117644,200464,3348.94,1988.49,118.6,123.6,106.07,97.8,55.8,6.9,204.8,0.6,2995
2017.75,146.32,119.31,131,127.68,103.6,305.73,220.48,129.92,5486,7128,5600,3032,1031.73,1227,304.97,47.7117,17.6776,554.2,72.86,180.49,2493.64,953.35,1180.58,1477.96,1675.15,11.1158,4.9,4.35,1.5,3.5,3.37,6.64,97.84,7135,52517,115408,118905,202900,3393.34,2002.28,123.9,123.7,105.02,97.8,55.8,7,196.1,0.6,3010
2017.83333,146.63,119.54,131.39,128.22,103.59,305.51,221.45,130.44,5520,7200,5624,3056,1093.79,1309.85,300.7,49.2437,17.822,550.45,72.06,179.01,2501.9,960.29,1216.92,1485.21,1753.32,18.8002,4.9,4.35,1.5,3.62,3.49,6.6,97.73,7123,53037,116231,120257,205032,3317.19,1901.86,121.3,123.8,117.87,97.8,55.8,8,152.5,0.6,3024
2017.91667,146.91,119.75,132,128.9,103.6,305.35,222.68,131.04,5551,7275,5649,3075,1038.25,1327.73,294.19,49.6145,17.8889,577.19,73.97,167.02,2459.5,963.77,1253.16,1475.28,1696.16,10.3229,5,4.35,1.5,3.76,3.86,6.53,97.89,7055,53171,116905,121278,206930,3307.17,1899.34,122.6,123.9,102.49,98,56.1,8.3,72.8,0.3,3039
2018,147.16,119.88,132.84,129.36,103.64,304.95,223.39,131.86,5610,7397,5674,3094,1128.02,1275.43,333.41,49.3127,17.9962,581.75,90.47,192.92,2413.81,977.86,1286.79,1502.52,1837.58,11.0532,5,4.35,1.5,3.56,3.23,6.33,98.79,6740,53297,118260,122641,208370,3480.83,1877.82,122.3,125.27,106.35,98,56.4,7.2,194,0.6,3057
2018.08333,147.55,120.16,132.48,129.52,103.58,303.72,223.89,132.52,5593,7412,5700,3110,1136.35,1620.57,335.84,47.7911,18.1353,585.03,90.57,192.89,2402.52,983.91,1304.15,1510.85,2056.35,11.1575,5,4.35,1.5,3.38,3.09,6.33,101.14,7257,53303,118765,123623,210052,3259.41,1811.78,124,126.63,101.28,98.2,56.3,7.2,193.1,0.6,3074
2018.16667,147.4,120.08,132.1,129.41,103.48,304.03,224.84,132.48,5679,7524,5725,3136,1124.89,1172.91,337.23,49.3712,18.3991,565.48,86.12,167.23,2514.01,990.71,1252.66,1514.29,1857.87,11.1922,5.1,4.35,1.5,3.29,3.33,6.29,99.64,7204,53356,119417,124575,211428,3168.9,1853.72,122.3,128,101.09,98.3,56.3,6.4,186.5,0.5,3085
2018.25,147.59,120.29,132.24,129.29,103.48,304.13,226.08,132.48,5697,7547,5751,3160,1134.87,1350.55,319.08,50.9715,18.3075,581.61,88.59,181.35,2518.44,998.43,1227.2,1509.12,1840.7,11.0064,4.9,4.35,1.5,3.13,3.59,6.34,99.89,7204,53332,120244,125860,213448,3082.23,1776.13,122.9,127.27,101.88,98.8,56.4,6.9,190.4,0.6,3105
2018.33333,147.8,120.51,132.83,130,103.56,305.42,228.1,132.6,5717,7580,5775,3164,1202.89,1355.32,336.66,50.5151,18.6257,594.95,91.18,182.53,2487.62,1009.96,1324.89,1510.72,1816.84,11.239,4.8,4.35,1.5,3.04,3.22,6.41,100.52,7208,53290,121551,127067,215022,3095.47,1767.55,122.9,126.53,100.34,98.1,56.5,6.9,181.7,0.6,3122
2018.41667,148.17,120.75,133.44,130.5,103.52,307.1,231.22,132.85,5729,7611,5800,3187,1163.32,1401.53,338.05,51.4017,18.2574,587.47,90.36,176.66,2417.91,1012.57,1336.65,1509.3,1936.94,11.4379,4.8,4.35,1.5,3.23,3.46,6.62,99.84,7208,53403,122502,128539,216238,2847.42,1607.62,118.2,125.8,98.51,98.2,56.5,7.1,175.1,0.6,3134
2018.5,148.52,120.96,133.55,130.78,103.43,308.02,234.23,133.04,5759,7661,5826,3215,1250.24,1408.02,334.53,50.9044,18.2848,596.32,91.28,178.21,2292.96,1033.79,1314.84,1518.16,1830.76,11.3449,5.1,4.35,1.5,3.02,2.74,6.82,96.96,7241,53741,124087,130420,218746,2876.4,1576.41,119.7,125.07,102.75,97.9,56.6,6.7,174,0.5,3149
2018.58333,149.11,121.21,133.88,131.07,103.46,309.18,237.66,133.44,5783,7716,5852,3235,1241.68,1410.21,336.98,51.5459,18.5221,597.45,96.18,176.73,2299.99,1031.64,1302.16,1517.52,1852.05,11.8865,5,4.35,1.5,2.81,2.57,6.82,96.09,7250,53616,125165,131862,220857,2725.25,1451.39,118.6,124.33,103,98.1,56.7,6.7,169.2,0.5,3164
2018.66667,149.52,121.39,134.3,131.51,103.55,309.26,240.13,133.89,5805,7772,5878,3256,1247.12,1466.04,340.82,51.3138,18.4669,594.73,95.35,177.9,2252.37,1040.61,1303.03,1518.26,1950.53,11.7808,4.9,4.35,1.5,2.92,2.69,6.88,96.64,7280,53968,126404,133151,222697,2821.35,1441.54,118.5,123.6,100.67,98.1,56.7,6.8,163.1,0.5,3179
2018.75,149.68,121.69,134.73,131.85,103.52,309.26,242.58,134.23,5863,7870,5904,3280,1308.45,1477.93,338.5,52.7918,18.6945,601.06,97.43,191.12,2186.11,1050.95,1300.61,1517.49,1838.23,11.7109,4.9,4.35,1.5,2.88,2.66,6.96,96.27,7312,53757,127616,134547,224636,2602.78,1294.22,119.1,122.83,101.09,98,56.8,6.6,167.8,0.5,3193
2018.83333,149.54,121.69,133.65,131.54,103.61,309.95,245.14,134.53,5886,7919,5929,3300,1183.19,1434.18,340.23,53.2692,18.7015,613.39,96.91,189.38,2146.09,1059.78,1354.61,1520.07,1812.6,13.5609,4.8,4.35,1.5,2.59,2.7,6.94,96.23,7305,53841,128995,136042,226319,2588.19,1337.74,122.1,122.07,102.39,97.5,56.8,6.9,163.9,0.5,3204
2018.91667,149.53,121.58,132.5,130.09,103.59,313.83,247.05,134.21,5900,7918,5955,3324,1027.9,1337.68,335.29,53.413,19.1861,627.77,91.08,228.47,2162.66,1066.49,1427.76,1537.27,2022.26,11.53,4.9,4.35,1.5,2.56,3.22,6.86,97.1,7334,54098,130002,137552,228363,2493.9,1267.87,123,121.3,97.83,97.8,56.8,6.8,169.8,0.5,3220
2019,149.56,121.66,132.03,129.32,103.64,315,248.54,134.08,5966,7999,5980,3352,1169.81,1455.08,366.88,53.9662,19.2211,611.13,97.54,187.82,2209.37,1076.63,1339.38,1578.18,1971.06,11.5935,5.1,4.35,1.5,2.4,2.58,6.7,97.93,7550,54648,130934,139147,230900,2584.57,1274.74,123.7,123.5,102.45,98.5,57,6,174.8,0.5,3234
2019.08333,149.96,121.89,132.23,129.49,103.66,315.94,250.12,134,6027,8077,6007,3368,1136.46,1356.7,329.53,53.3851,19.1909,614.16,97.66,187.77,2169.55,1081.71,1362.86,1565.65,1980.57,11.4006,5.3,4.35,1.5,2.34,2.64,6.69,99.88,7419,54809,131809,140310,232668,2940.95,1546.33,126,125.7,99.55,99.4,56.9,6,174.7,0.5,3249
2019.16667,150.59,121.98,132.92,129.7,103.73,316.59,251.67,134.2,6037,8101,6033,3395,1122.95,1439.79,343.12,52.911,19.0231,613.77,95.63,183.45,2201.3,1097.28,1340.45,1567.91,2000.41,11.4702,5.2,4.35,1.5,2.46,2.85,6.73,99.75,7448,54778,132728,141550,234811,3090.76,1695.14,124.1,127.9,100.53,100,56.9,6,200.1,0.5,3276
2019.25,151.3,122.08,133.56,130.17,103.77,318.4,253.39,134.46,6064,8153,6058,3422,1260.58,1388.47,349.1,53.1443,19.2823,622.85,99.73,197.19,2133.18,1096.96,1381.87,1577.33,1976.98,10.9086,5,4.35,1.5,2.59,2.75,6.73,99.45,7439,54901,133554,142666,236647,3078.34,1636.59,125.3,126.63,95.7,97,56.8,6.5,173.7,0.5,3285
2019.33333,151.86,122.18,133.8,130.54,103.7,319.75,255.32,134.53,6064,8158,6084,3439,1186.39,1468.12,358.07,54.8031,19.3549,614.97,102.57,195.26,2030.87,1101.18,1299.63,1556.67,1977.27,11.6342,5,4.35,1.5,2.69,2.68,6.9,98,7480,55017,134305,143963,238700,2898.7,1531.86,123.4,125.37,93.71,98,56.7,6.3,177.3,0.5,3301
2019.41667,152.35,122.22,133.22,130.33,103.73,320.55,257.35,134.63,6083,8189,6111,3459,1116.02,1430.4,360.71,55.7647,19.2716,616.96,100.08,190.35,2206.82,1113.37,1360.96,1537.63,2003.99,11.7589,5.1,4.35,1.5,2.68,2.55,6.87,96.57,7541,55566,135161,145266,240326,2978.88,1562.42,125.9,124.1,93.35,97.6,56.8,6.3,175.7,0.5,3323
2019.5,152.65,122.42,132.97,130.11,103.71,321.19,259.06,134.74,6100,8219,6138,3479,1187.55,1452.73,363.21,56.6675,19.3712,623.54,106.51,203.91,2125.65,1111.71,1405.42,1540.08,1946.75,11.7583,5.3,4.35,1.5,2.62,2.66,6.88,97.19,7566,55179,136882,146756,242451,2932.51,1571.3,124.4,124.17,93.72,98.1,56.8,6.3,178.2,0.5,3335
2019.58333,153.22,122.54,132.72,129.81,103.64,322.16,260.75,134.98,6115,8253,6162,3498,1219.43,1450.52,358.65,55.5591,19.3368,625.31,102.48,194.25,2139.5,1126.66,1399.43,1536.67,1955.8,11.7112,5.2,4.35,1.5,2.6,2.79,7.09,96.12,7585,55448,138382,148226,244365,2886.24,1579.25,122.4,124.23,95.89,97.9,56.8,6.3,178.4,0.5,3350
2019.66667,154.07,122.61,132.88,129.58,103.62,323.53,262.27,135.43,6119,8287,6188,3530,1172.13,1449.91,365.33,55.2493,19.4687,632.11,105.21,195.9,2124.19,1133.86,1443.74,1535.45,1993.74,11.8809,5.2,4.35,1.5,2.59,2.71,7.07,96.25,7607,55676,139381,149817,246345,2905.19,1595.21,124.1,124.3,93.99,98,56.9,6.5,179,0.5,3377
2019.75,155.34,122.78,133.13,129.56,103.67,323.93,263.69,136.1,6125,8336,6213,3558,1232.43,1463.65,371.92,55.8708,19.213,634.74,101.04,195.74,2121.13,1138.42,1459.12,1539.37,1943.36,11.8974,5.1,4.35,1.5,2.59,2.76,7.05,96.95,7617,55702,140954,151322,248297,2929.06,1616.19,124.3,124.07,92.78,97.6,56.8,5.4,157.5,0.4,3390
2019.83333,156.12,122.95,132.99,129.62,103.95,325.31,264.42,136.23,6175,8412,6236,3587,1208.53,1414.69,372.17,57.7019,19.1874,637.92,96.83,207.85,2098.82,1151.52,1504.12,1552.68,1945.61,13.428,5.1,4.35,1.5,2.66,2.7,7.03,98.34,7648,55638,142452,152943,250603,2871.98,1593.1,124.6,123.83,92.19,97.8,56.8,6.5,176.6,0.5,3418
2019.91667,156.19,123.2,133.31,129.48,103.67,325.96,265.26,135.41,6253,8467,6260,3612,1232.14,1473.44,377.48,56.4276,18.9418,638.76,98.4,204.02,2152.22,1157.34,1516.4,1512.08,1972.39,12.0475,5.2,4.35,1.5,2.56,2.69,6.98,98.02,7733,56601,143850,154530,253134,3050.12,1722.95,126.6,123.6,91.84,97.5,56.6,6.4,178.4,0.5,3439
2020,157.17,123.58,133.27,129.6,103.61,326.96,265.78,134.27,6074,8156,5894,3223,1231.31,1381.81,368.82,48.9416,19.0224,571.69,95.08,157.26,2070.4,928.61,872.91,1490.1,1965.52,12.5195,5.3,4.35,1.5,2.29,2.7,6.89,100.06,7934,55318,145570,156172,255800,2976.53,1756.82,126.4,112.7,72.55,97.1,56.4,4.4,131.2,0.3,3359
2020.08333,158.25,123.48,132.88,129.27,103.69,327.07,265.9,134.05,5234,7016,4664,3253,1099.96,878.07,332.64,8.1864,14.7716,574.72,95.19,157.13,353.67,939.16,886.62,1505.43,1973.29,7.6273,6.2,4.35,1.5,1.97,2.42,7.01,101.4,8101,55175,141475,157363,248643,2880.3,1801.75,118.9,101.8,31.94,96.9,56.4,4.5,131.8,0.3,2617
2020.16667,157.11,123.03,130.87,127.68,103.67,327.11,266.5,133.47,6170,8236,4754,3282,1181.58,1420.17,345.92,14.9139,18.1473,586.84,98.26,155.25,1355.02,1164.39,1144.69,1277.19,1987.54,9.5113,5.9,4.35,1.5,1.86,2.07,7.09,101.23,8279,57420,148846,159550,261670,2750.3,1665.93,122.2,90.9,74.03,96.4,56.6,4.4,156.4,0.3,3573
2020.25,156.41,122.78,129.73,126.06,103.72,327.35,267.85,133.87,6214,8319,4840,3296,1130.62,1508.58,340.91,16.5473,18.5484,641.38,104.79,202.34,2245.38,1183.74,1325.54,1481.83,2033.08,11.166,6,4.35,1.5,1.25,1.6,7.06,100.88,8190,58025,150871,161281,264886,2860.08,1763.36,116.4,97.4,91.09,97.7,56.7,6,164.4,0.4,3641
2020.33333,155.58,122.84,129.27,125.62,103.66,329.15,269.35,134.06,6231,8353,4897,3460,1029.18,1471.26,359.53,26.1119,18.6268,652.9,106.58,215.49,2329.32,1199.73,1450.85,1516.6,2013.69,11.992,5.9,4.35,1.5,1.33,1.67,7.13,99.13,8200,58523,151664,162863,268578,2852.35,1786.51,115.8,103.9,98.02,98,56.9,6.5,164.4,0.5,3686
2020.41667,156.13,122.85,129.86,126.13,103.72,331.04,271.41,135.18,6257,8458,4922,3496,1182.6,1480.13,385.03,32.8933,19.2792,658.22,110.52,208.54,2402.82,1209.75,1456.76,1564.49,1997.47,12.3439,5.7,4.35,1.5,2.04,2.19,7.08,97.4,8224,58452,152630,164340,270895,2984.67,1975.52,112.6,110.4,99.39,98.2,56.8,6.8,168.1,0.5,3734
2020.5,156.58,122.82,130.73,126.79,103.97,332.78,272.73,135.98,6286,8547,4935,3504,1190.64,1578.97,387.09,36.8721,20.736,644.99,113.48,206.19,2403.98,1228.92,1620.99,1560.92,2087.21,13.2737,5.7,4.35,1.5,2.2,2.25,6.98,98.18,8277,59507,153468,165872,273614,3310.01,2256.87,117.2,114.43,100.69,98.1,56.7,7,170.1,0.5,3770
2020.58333,156.85,122.92,131.33,127.24,104.7,334.94,274.23,136.54,6354,8675,4945,3526,1154.27,1539.55,384.04,42.255,20.4968,675.89,116.85,208.39,2430.65,1233.33,1746.64,1592.9,2064.62,13.7982,5.6,4.35,1.5,2.33,2.38,6.86,98.41,8319,59772,154193,167487,276692,3395.68,2295.49,116.4,118.47,100.33,97.8,56.6,7.2,173.1,0.5,3808
2020.66667,156.61,122.98,131.38,127.11,103.95,336.45,275.1,136.99,6412,8784,4951,3657,1284.65,1531.42,381.9,46.873,20.8141,674.07,119.08,212.03,2418.24,1248.75,1674.91,1614.46,2078.67,14.2696,5.4,4.35,1.5,2.6,2.33,6.81,100.13,8384,60007,156159,169262,279613,3218.05,2149.54,120.5,122.5,102.2,97.8,56.6,6.9,177.1,0.5,3847
2020.75,156.06,123.06,131.15,126.94,103.79,337.46,275.54,136.9,6444,8822,4960,3663,1236.41,1551.85,386.22,49.7982,21.1331,682.52,119.05,223.17,2374.01,1260.22,1809.28,1612.73,2106.57,14.3512,5.3,4.35,1.5,2.7,2.62,6.72,100.79,8439,60965,156866,170928,282305,3224.53,2198.07,121.7,121.63,103.55,98.2,56.6,6.9,176.5,0.5,3871
2020.83333,155.43,123.08,131.97,127.77,103.95,338.13,275.8,137.22,6507,8930,4968,3708,1188.67,1607.52,386.97,50.145,20.8577,692.76,121.8,227.43,2418.57,1258.1,1778.26,1643.3,2100.95,14.6378,5.2,4.35,1.5,2.85,2.65,6.58,101.17,8433,61304,157800,172671,284723,3391.76,2249.66,124,120.77,106.64,98.1,56.6,7.2,180.4,0.6,3892
2020.91667,156.48,123.39,133.98,129.19,104.13,339.06,276.12,138.3,6551,9061,4979,3739,1241.81,1633.6,391.98,44.8263,20.6282,685.64,120.85,221.23,2314.86,1295.77,1784.27,1662.84,2150.99,13.8937,5.2,4.35,1.5,2.73,2.47,6.52,101.23,8411,61621,159254,174359,286876,3473.07,2329.37,122.1,119.9,103.4,97.6,56.6,6.2,203.9,0.5,3917
2021,157.68,123.61,135.27,130.56,104.35,341.14,277.06,139.02,6569,9132,4989,3720,1249.56,1666.8,400.14,31.9955,20.6679,690.62,119.19,203.35,2301.34,1263.44,1899.13,1661.59,2104.62,13.5791,5.4,4.35,1.5,2.46,2.85,6.47,102.28,8160,62371,159470,176073,289271,3483.07,2335.05,122.8,122.53,105.94,97.8,56.3,7.8,174.3,0.6,3941
2021.08333,157.27,123.81,136.75,131.79,104.08,342.94,278.2,139.66,6566,9170,5029,3745,1387.01,1975.59,407.39,22.8696,20.6031,694.06,119.33,203.11,2085.59,1269.68,1909.96,1670.25,2106.75,14.5017,5.5,4.35,1.5,2.65,2.37,6.47,103.83,8337,61681,161431,177715,291679,3509.08,2293.69,127,125.17,105.85,98.1,56.3,7.8,174.8,0.6,3966
2021.16667,157.56,124.23,137.99,133.4,103.65,344.33,279.61,140.2,6674,9358,5082,3780,1511.19,1732.97,393.07,45.0867,21.2229,702.07,117.43,208.58,2263.66,1288.46,1782.94,1694.8,2085.95,14.9068,5.3,4.35,1.5,2.63,2.26,6.57,103.23,8584,62236,162701,179633,293871,3441.91,2217.62,122.2,127.8,108.9,98.1,56.3,6.8,181,0.5,3989
2021.25,157.66,124.45,138.96,134.38,103.86,346.5,281.27,140.36,6672,9366,5243,3781,1469.11,1823.17,393.61,50.0643,21.0006,718.67,120.61,216.04,2397.35,1298.02,1875.2,1727.38,2103.38,15.5392,5.1,4.35,1.5,2.5,2.15,6.47,101.95,8613,61693,164082,181078,295973,3446.86,2298.93,121.5,127.2,105.49,98.1,56.3,7.7,184.1,0.6,4010
2021.33333,157.85,124.74,140.71,136.66,104.03,348.92,283.04,140.89,6701,9441,5255,3814,1400.36,1678.22,392.55,51.7295,20.7835,716.72,116.17,209.99,2271.01,1282.67,1760.67,1714.77,2104.51,15.1518,5,4.35,1.5,2.34,2.18,6.37,101.76,8662,61995,165423,182704,298153,3615.48,2419.76,121.8,126.6,104.06,97.6,56.3,7.6,179.9,0.6,4028
2021.41667,157.8,124.95,140.17,137.26,103.84,351.45,284.58,141.28,6713,9484,5268,3825,1476.04,1783.42,387.15,44.4199,20.6709,715.68,114.36,203.83,2124.13,1279.49,1594.46,1728.2,2115.49,13.9933,5,4.35,1.5,2.45,2.55,6.46,101.67,8713,62090,167400,184470,300408,3591.2,2466.24,122.8,126,100.25,97.5,56.3,7.1,178.9,0.6,4048
2021.5,157.76,125.44,140.71,138.12,105.25,353.12,285.85,141.66,6728,9532,5285,3820,1417.16,1734.32,359.23,46.6817,20.2091,719.14,106.38,193.01,2083.93,1274.13,1570.9,1724.82,2091.23,14.3784,5.1,4.35,1.5,2.27,2.29,6.46,102.39,8762,61902,168415,186161,302661,3397.36,2385.62,117.8,124.3,98.45,97.3,56.3,7.5,176.6,0.6,4056
2021.58333,157.74,125.4,141.17,139.27,105.31,354.44,286.58,142.02,6736,9566,5346,3840,1456.44,1814.63,395.15,20.5681,21.0414,693.67,105.81,203.93,1994.05,1273.51,1463.77,1692.14,2122.98,15.3425,5.1,4.35,1.5,2.23,2.25,6.47,102.41,8825,62293,169306,187836,305269,3543.94,2429.86,117.5,122.6,96.74,97.3,56.3,7.2,175.7,0.6,4068
2021.66667,157.35,125.52,141.83,140.87,104.15,354.71,286.69,142.47,6787,9669,5392,3848,1444.36,1860.91,385.03,35.2573,20.9034,723.04,101.63,182.42,1975.24,1255.04,1425.57,1691.13,2108.88,15.5435,4.9,4.35,1.5,2.36,2.33,6.49,102.44,8881,62462,171655,189472,307518,3568.17,2395.05,121.2,120.9,97.23,97.4,56.3,7.2,174.1,0.6,4070
2021.75,158.27,125.92,144.53,144.17,104.91,354.89,286.11,143.49,6843,9819,5448,3873,1420.82,1869.43,395.43,38.4385,20.8759,714.04,102.01,174.89,2161.02,1252.04,1430.51,1703.43,2125.13,16.0458,4.9,4.35,1.5,2.35,2.29,6.39,103.98,8920,62546,173971,191215,310549,3547.34,2400.03,120.2,120.66,97.89,97.1,56.3,7.5,175.4,0.6,4087
2021.83333,159.14,126.07,144.75,144.22,104.41,354.8,285.06,143.81,6888,9905,5542,3873,1521.65,1896.93,409.46,24.779,20.7236,717.8,103.59,184.06,2207.81,1258.99,1498.86,1650.65,2148.9,15.4958,5,4.35,1.5,2.27,2.33,6.38,105.03,8994,63205,175007,192909,313653,3563.89,2519.27,119.5,120.66,94.98,96.8,56.3,7,176.9,0.6,4103
2021.91667,158.76,126.06,144.22,142.65,104.47,354.53,284.26,143.6,6912,9925,5478,3864,1472.39,1926.06,411.11,28.3676,20.6623,717.4,111.46,194.01,2262.16,1203.42,1443.24,1365.05,2117.81,16.7356,5.1,4.35,1.5,2.3,2.67,6.38,105.75,9005,63723,176834,194480,316672,3639.78,2530.14,119.8,120.66,97.68,97,56.3,6,211.4,0.6,4119
2022,158.63,126.04,143.9,142.63,104.42,356.23,284.11,143.61,6927,9948,5524,3866,1520.62,1939.48,410.47,29.9939,20.9265,726.12,111.89,182.52,2485.61,1231.05,1456.19,1718.43,2155.4,16.3654,5.3,4.35,1.5,2.09,2.29,6.37,105.08,9004,62555,179131,196385,319522,3361.44,2262.37,121.5,118.55,101.32,96.8,56.4,6.9,173,0.5,4128
2022.08333,159.14,126.49,145.12,143.25,104.16,358.03,284.06,144.08,6953,10018,5558,3885,1508.8,1949.08,399.22,30.3374,22.25,728.79,112.03,182.2,2294.49,1214.99,1444.12,1732.82,2166.19,24.2162,5.5,4.35,1.5,1.97,2.25,6.32,105.88,9486,64295,180803,197988,321706,3462.31,2318.09,120.5,116.45,114.72,96.6,56.4,6.8,172.9,0.5,4144
2022.16667,159.71,126.83,146.21,144.17,104.14,359.23,284.19,144.68,6989,10111,5620,3832,1436.32,1897.81,413.21,14.6517,21.2659,722.38,112.87,190.23,2025.01,1193.45,1308.83,1732.51,2183.16,16.3357,5.8,4.35,1.5,2.12,2.41,6.35,106.39,9547,64284,183046,200186,324491,3252.2,2117.96,113.2,114.34,100.75,96.3,56.5,6.9,170.3,0.5,4165
2022.25,160.66,127.05,147.41,144.78,104.09,359.92,284,142.73,6904,9854,5575,3829,1480.99,1845.38,428.98,7.722,20.8809,715.9,112.54,176.94,1258.47,1170.93,1086.7,1029.46,2173.03,16.6181,6.1,4.35,1.5,2.03,1.96,6.62,105.21,9632,64698,185012,200700,326410,3047.06,1878.88,86.7,110.8,87.85,96.2,56.5,6.8,162.8,0.5,4152
2022.33333,160.97,127.17,147.4,144.88,104.74,361.31,283.83,142.49,6939,9888,5624,3826,1498.53,1947.14,416.71,12.3527,21.6943,720.71,114.7,170.31,1979.66,1165.52,1143.26,1249.72,2199.65,16.3786,5.9,4.35,1.5,1.98,1.77,6.66,101.27,9793,65031,187363,202773,329410,3186.43,2006.95,86.8,107.27,101.16,96.5,56.6,6.6,165.7,0.5,4178
2022.41667,161.51,127.93,147.15,145.2,104.52,362.96,284.13,141.85,7000,9929,5662,3955,1524.5,2259.62,414.03,23.4837,21.9692,733.75,110.69,172.74,2654.73,1150.76,1241.11,1759.44,2214.24,17.4984,5.5,4.35,1.5,2,1.93,6.71,101.42,9916,65515,189578,205202,332787,3398.62,2224.15,88.9,103.73,106.23,96.4,56.7,6.7,165.5,0.5,4214
2022.5,161.73,127.67,144.89,143.64,104.25,364.07,284.33,142.96,7021,10038,5673,3967,1583.77,2174.93,408.4,32.8755,22.0711,742.48,105.09,174.21,2689.28,1134.09,1139.35,1795.84,2235.38,17.387,5.4,4.35,1.5,1.92,1.67,6.74,103.4,9990,65890,191784,206541,334975,3253.24,2181.25,87.9,103.34,103.84,96.7,56.7,6.3,165.6,0.5,4227
2022.58333,161.5,127.44,144.36,142.2,103.99,364.55,283.77,143.56,7033,10096,5701,3962,1506.41,2083.89,408.97,29.6004,21.6989,753.65,104.69,174.53,2613.49,1118.1,1161.65,1836.33,2242.71,17.0393,5.3,4.35,1.5,1.76,1.57,6.89,101.86,10061,65936,194006,208323,337284,3202.14,2096.07,87,102.96,105.55,96.7,56.7,6.4,165.4,0.5,4234
2022.66667,161.59,127.3,144.24,142.02,104.33,364.38,283.2,143.11,7092,10149,5731,3983,1508.96,2075.63,416.98,19.3686,21.3039,734.68,120.74,185.57,2467.97,1109.36,1182.9,1852.69,2257.71,17.4215,5.5,4.35,1.5,1.8,1.67,7.1,101.09,10087,66384,196156,210815,340125,3024.39,1912,87.2,102.57,105.12,96.2,56.8,6.4,165.8,0.5,4270
2022.75,161.7,127.22,144.68,142.1,104.04,364.29,282.3,140.79,7104,10001,5760,3977,1516.89,2025,409.9,15.8187,21.7272,742.72,110.56,176.14,2337.79,1089.83,1092.61,1885.52,2279.77,16.7065,5.5,4.35,1.5,1.78,1.9,7.18,99.39,10172,66245,198537,212387,342642,2893.48,1886.41,86.8,102.02,105.67,96.4,56.8,6.4,163.3,0.5,4279
2022.83333,161.59,127.33,144.46,142.2,104.14,363.58,281.75,142.46,7077,10083,5731,3982,1510.64,1920.23,405.99,14.7409,22.3393,735.57,111.96,175.26,2075.23,1067.01,1032.17,1920.87,2289.43,9.8716,5.7,4.35,1.5,1.99,1.96,7.18,96.84,10251,66219,201504,214059,345015,3151.34,2018.69,85.5,101.46,94.19,96.3,56.8,6.4,160.3,0.5,4263
2022.91667,161.65,127.35,144.51,141.74,104.12,363.48,281.03,143.27,7082,10146,5822,3979,1509.19,1954.49,406.06,19.3577,22.6783,754.04,112.91,169.3,2096.1,1069.09,1046.21,1952.21,2303.52,7.6441,5.5,4.35,1.5,2.24,2.45,6.96,97.39,10340,66273,203461,215885,347220,3089.26,1975.61,88.3,100.91,86.35,96.6,56.8,3.7,165.7,0.3,4266