DATE,RPI,UNRATE,PCE,FEDFUNDS,CPI,INDPRO,SP500,MPS
1/1/1990,8170.022,5.4,47.94,8.23,127.5,61.6352,339.97,0
2/1/1990,8195.397,5.3,47.698,8.24,128,62.1951,330.45,-0.00048198
3/1/1990,8203.337,5.2,47.859,8.28,128.6,62.4916,338.46,-0.02675571
4/1/1990,8255.647,5.4,47.95,8.26,128.9,62.3511,338.18,0
5/1/1990,8246.75,5.4,47.916,8.18,129.1,62.5353,350.25,-0.0119147
6/1/1990,8260.44,5.2,48.068,8.29,129.9,62.7479,360.39,0
7/1/1990,8288.531,5.5,48.166,8.15,130.5,62.6435,360.03,-0.07033472
8/1/1990,8236.691,5.7,48.181,8.13,131.6,62.8704,330.75,0
9/1/1990,8233.907,5.9,48.158,8.2,132.5,62.8839,315.41,0
10/1/1990,8167.115,5.9,47.889,8.11,133.4,62.4973,307.12,-0.01138917
11/1/1990,8168.212,6.2,47.845,7.81,133.7,61.7175,315.29,0.00449684
12/1/1990,8210.825,6.3,47.67,7.31,134.2,61.2885,328.75,-0.14684142
1/1/1991,8157.383,6.4,47.241,6.91,134.7,61.0842,325.49,-0.1247271
2/1/1991,8164.096,6.6,47.533,6.25,134.8,60.6387,362.26,-0.12434585
3/1/1991,8176.58,6.8,48.092,6.12,134.8,60.2973,372.28,-0.10242243
4/1/1991,8208.244,6.7,47.933,5.91,135.1,60.4524,379.68,-0.18635873
5/1/1991,8209.444,6.9,48.055,5.78,135.6,61.0587,377.99,0.00261455
6/1/1991,8252.295,6.9,48.063,5.9,136,61.5514,378.29,0
7/1/1991,8233.054,6.8,48.297,5.82,136.2,61.7201,380.23,0.01251608
8/1/1991,8248.575,6.9,48.224,5.66,136.6,61.7289,389.4,-0.08980968
9/1/1991,8273.586,6.9,48.247,5.45,137,62.2369,387.2,0.00233991
10/1/1991,8284.054,7,48.053,5.21,137.2,62.1718,386.88,-0.02049061
11/1/1991,8296.928,7,48.28,4.81,137.8,62.0894,385.92,-0.09976406
12/1/1991,8365.723,7.3,48.363,4.43,138.2,61.806,388.51,-0.27571226
1/1/1992,8405.155,7.3,49.068,4.03,138.3,61.4823,416.08,0
2/1/1992,8444.994,7.4,49.123,4.06,138.6,61.9192,412.56,0.00457179
3/1/1992,8457.388,7.4,49.213,3.98,139.1,62.4403,407.36,0
4/1/1992,8487.783,7.4,49.254,3.73,139.4,62.9199,407.41,-0.25893526
5/1/1992,8531.932,7.6,49.509,3.82,139.7,63.1268,414.81,0.01238169
6/1/1992,8566.719,7.8,49.643,3.76,140.1,63.1624,408.27,0
7/1/1992,8559.118,7.7,49.808,3.25,140.5,63.7348,415.05,-0.07221606
8/1/1992,8591.676,7.6,49.932,3.3,140.8,63.3802,417.93,0.00525726
9/1/1992,8558.368,7.6,50.257,3.22,141.1,63.5834,418.48,-0.00431514
10/1/1992,8515.933,7.3,50.426,3.1,141.7,64.0178,412.5,0.00268304
11/1/1992,8534.33,7.4,50.512,3.09,142.1,64.2628,422.84,-0.00918557
12/1/1992,8845.712,7.4,50.845,2.92,142.3,64.3599,435.64,-0.00961387
1/1/1993,8602.353,7.3,50.772,3.02,142.8,64.6135,435.23,0
2/1/1993,8642.143,7.1,50.866,3.03,143.1,64.9262,441.7,-0.00793754
3/1/1993,8619.726,7,50.728,3.07,143.3,64.8627,450.16,0.00885343
4/1/1993,8684.645,7.1,51.07,2.96,143.8,65.0423,443.08,0
5/1/1993,8682.682,7.1,51.248,3,144.2,64.8006,445.25,-0.02382891
6/1/1993,8671.95,7,51.434,3.04,144.3,64.9476,448.06,0
7/1/1993,8699.937,6.9,51.687,3.06,144.5,65.1142,447.29,0.00218926
8/1/1993,8718.737,6.8,51.739,3.03,144.8,65.0421,454.13,0.00268304
9/1/1993,8699.123,6.7,52.036,3.09,145,65.3749,459.24,0.00317284
10/1/1993,8662.656,6.8,52.117,2.99,145.6,65.863,463.9,0
11/1/1993,8684.88,6.6,52.263,3.02,146,66.1696,462.89,-0.00084095
12/1/1993,8986.914,6.5,52.447,2.96,146.3,66.5531,465.95,-0.0203899
1/1/1994,8808.902,6.6,52.59,3.05,146.3,66.7591,472.99,0
2/1/1994,8817.405,6.6,53.012,3.25,146.7,66.8019,471.58,0.13344468
3/1/1994,8840.918,6.5,53.019,3.34,147.1,67.4704,463.81,-0.03096104
4/1/1994,8923.036,6.4,53.243,3.56,147.2,67.8707,447.23,0.12949489
5/1/1994,8941.155,6.1,53.147,4.01,147.5,68.187,450.9,-0.01423935
6/1/1994,8929.074,6.1,53.465,4.25,147.9,68.645,454.83,0
7/1/1994,8944.497,6.1,53.43,4.26,148.4,68.7317,451.4,-0.01588847
8/1/1994,8957.46,6,53.782,4.47,149,69.1882,464.24,0.03673898
9/1/1994,8996.696,5.9,53.862,4.73,149.3,69.3935,466.96,-0.03142971
10/1/1994,9076.95,5.8,54.197,4.76,149.4,69.9576,463.81,0
11/1/1994,9074.779,5.6,54.237,5.29,149.8,70.4288,461.01,0.06404409
12/1/1994,9117.741,5.5,54.381,5.45,150.1,71.1273,455.19,-0.04902763
1/1/1995,9159.706,5.6,54.379,5.53,150.5,71.2635,465.25,0
2/1/1995,9180.168,5.4,54.278,5.92,150.9,71.1758,481.92,0.05412623
3/1/1995,9203.415,5.4,54.564,5.98,151.2,71.2796,493.15,0.01785999
4/1/1995,9214.181,5.8,54.475,6.05,151.8,71.1538,507.91,0
5/1/1995,9221.249,5.6,54.869,6.01,152.1,71.4997,523.81,-0.00969957
6/1/1995,9255.248,5.6,55.308,6,152.4,71.7327,539.35,0
7/1/1995,9286.334,5.7,55.158,5.85,152.6,71.4334,557.37,-0.24077084
8/1/1995,9299.788,5.7,55.428,5.74,152.9,72.3723,559.11,0.0418609
9/1/1995,9335.583,5.6,55.558,5.8,153.1,72.6543,578.77,0.06117591
10/1/1995,9349.228,5.5,55.342,5.76,153.5,72.5336,582.92,0
11/1/1995,9379.567,5.6,55.803,5.8,153.7,72.717,595.53,0.02389283
12/1/1995,9396.526,5.6,56.158,5.6,153.9,72.9638,614.57,-0.0529832
1/1/1996,9428.309,5.6,55.905,5.56,154.7,72.5712,614.42,-0.04374155
2/1/1996,9506.777,5.5,56.334,5.22,155,73.6207,649.54,0
3/1/1996,9539.993,5.5,56.607,5.31,155.5,73.5141,647.07,0.01732177
4/1/1996,9565.104,5.6,56.816,5.22,156.1,74.2491,647.17,0
5/1/1996,9606.394,5.6,56.89,5.24,156.4,74.8142,661.23,0.0173348
6/1/1996,9670.238,5.3,56.956,5.27,156.7,75.3726,668.5,0
7/1/1996,9650.331,5.5,57.077,5.4,157,75.3738,644.07,-0.02948097
8/1/1996,9681.266,5.1,57.273,5.22,157.2,75.7557,662.68,-0.00303561
9/1/1996,9708.672,5.2,57.346,5.3,157.7,76.2302,674.88,-0.11254959
10/1/1996,9710.076,5.2,57.516,5.24,158.2,76.2157,701.46,0
11/1/1996,9741.024,5.4,57.659,5.31,158.7,76.8973,735.67,-0.01459773
12/1/1996,9778.588,5.4,57.888,5.29,159.1,77.3772,743.25,-0.0052545
1/1/1997,9834.79,5.3,58.162,5.25,159.4,77.5135,766.22,0
2/1/1997,9865.668,5.2,58.285,5.19,159.7,78.4255,798.39,0.00139831
3/1/1997,9912.112,5.2,58.441,5.39,159.8,78.9197,792.16,0.06268788
4/1/1997,9919.423,5.1,58.438,5.51,159.9,78.9848,763.93,0
5/1/1997,9964.583,4.9,58.474,5.5,159.9,79.4296,833.09,-0.07684075
6/1/1997,10000.824,5,58.763,5.56,160.2,79.7971,876.29,0
7/1/1997,10045.882,4.9,59.312,5.52,160.4,80.4666,925.29,-0.01125695
8/1/1997,10105.556,4.8,59.672,5.54,160.8,81.2825,927.24,0.00584415
9/1/1997,10136.11,4.9,59.684,5.54,161.2,82.0327,937.02,-0.01041732
10/1/1997,10189.34,4.7,59.989,5.5,161.5,82.7656,951.16,0
11/1/1997,10262.137,4.6,60.235,5.52,161.7,83.427,938.92,-0.03499868
12/1/1997,10325.103,4.7,60.579,5.5,161.8,83.784,962.37,-0.00419908
1/1/1998,10417.404,4.6,60.525,5.56,162,84.1564,963.36,0
2/1/1998,10490.223,4.6,60.918,5.51,162,84.3066,1023.74,0.0229442
3/1/1998,10555.838,4.7,61.189,5.49,162,84.342,1076.83,-0.00038669
4/1/1998,10595.962,4.3,61.516,5.45,162.2,84.6339,1112.2,0
5/1/1998,10645.347,4.4,61.961,5.49,162.6,85.1867,1108.42,-0.02062434
6/1/1998,10707.166,4.5,62.372,5.56,162.8,84.6809,1108.39,0
7/1/1998,10726.5,4.5,62.412,5.54,163.2,84.3445,1156.58,-0.01747143
8/1/1998,10767.064,4.5,62.697,5.55,163.4,86.0816,1074.62,0.00624183
9/1/1998,10803.967,4.6,63.163,5.51,163.5,86.0023,1020.64,0.0363035
10/1/1998,10823.508,4.5,63.376,5.07,163.9,86.591,1032.47,-0.20150039
11/1/1998,10874.887,4.4,63.548,4.83,164.1,86.5115,1144.43,-0.03373968
12/1/1998,10900.473,4.4,64.067,4.68,164.4,86.8615,1190.05,-0.008136
1/1/1999,10942.984,4.3,64.013,4.63,164.7,87.2205,1248.77,0
2/1/1999,10988.184,4.4,64.316,4.76,164.7,87.726,1246.58,0.0100694
3/1/1999,11000.779,4.2,64.624,4.81,164.8,87.9125,1281.66,-0.02573371
4/1/1999,10969.064,4.3,65.011,4.74,165.9,88.1082,1334.76,0
5/1/1999,10994.059,4.2,65.311,4.74,166,88.6483,1332.07,0.10265329
6/1/1999,11033.786,4.3,65.586,4.76,166,88.5903,1322.55,-0.10518432
7/1/1999,11061.061,4.3,65.697,4.99,166.7,89.1098,1380.99,0
8/1/1999,11111.719,4.2,66.041,5.07,167.1,89.5007,1327.49,0.00732746
9/1/1999,11105.537,4.2,66.372,5.22,167.8,89.1304,1318.17,0
10/1/1999,11171.257,4.1,66.518,5.2,168.1,90.2709,1300.01,0.0641457
11/1/1999,11247.83,4.1,66.845,5.42,168.4,90.7528,1391,0.07624969
12/1/1999,11339.82,4,67.645,5.3,168.8,91.4784,1428.68,0.03242067
1/1/2000,11441.669,4,67.481,5.45,169.3,91.4092,1425.59,0
2/1/2000,11488.814,4.1,68.116,5.73,170,91.7245,1388.87,-0.00582671
3/1/2000,11520.777,4,68.451,5.85,171,92.083,1442.21,-0.00774995
4/1/2000,11582.719,3.8,68.431,6.02,170.9,92.6659,1461.36,0
5/1/2000,11624.34,4,68.688,6.27,171.2,92.9347,1418.48,0.05960927
6/1/2000,11657.461,4,68.834,6.53,172.2,93.0018,1461.96,-0.03534337
7/1/2000,11719.57,4,68.882,6.54,172.7,92.8373,1473,0
8/1/2000,11783.694,4.1,69.236,6.5,172.7,92.591,1485.46,0.04780744
9/1/2000,11794.536,3.9,69.808,6.52,173.6,92.9827,1468.05,0
10/1/2000,11824.829,3.9,69.765,6.51,173.9,92.64,1390.14,0.03884197
11/1/2000,11832.213,3.9,69.829,6.51,174.2,92.6604,1378.04,0.00621384
12/1/2000,11859.86,3.9,70.149,6.4,174.6,92.3457,1330.93,0.02151906
1/1/2001,11932.006,4.2,70.164,5.98,175.6,91.8908,1335.63,-0.19405822
2/1/2001,11960.086,4.2,70.199,5.49,176,91.2851,1305.75,0
3/1/2001,12003.752,4.3,70.141,5.31,176.1,91.0585,1185.85,-0.06791155
4/1/2001,11981.996,4.4,70.094,4.8,176.4,90.7384,1189.84,-0.50644109
5/1/2001,11953.393,4.3,70.394,4.21,177.3,90.2607,1270.37,-0.14831302
6/1/2001,11940.34,4.5,70.438,3.97,177.7,89.7811,1238.71,0.08603963
7/1/2001,11940.991,4.6,70.588,3.77,177.4,89.2352,1204.45,0
8/1/2001,11924.877,4.9,70.989,3.65,177.4,89.157,1178.5,-0.09010571
9/1/2001,11930.997,5,70.084,3.07,178.1,88.6749,1044.64,-0.07529557
10/1/2001,11904.934,5.3,71.89,2.49,177.6,88.4051,1076.59,-0.0603141
11/1/2001,11910.073,5.5,71.633,2.09,177.5,87.886,1129.68,-0.17758018
12/1/2001,11929.854,5.7,71.552,1.82,177.4,87.8518,1144.93,-0.0724479
1/1/2002,11952.127,5.7,71.667,1.73,177.7,88.4634,1140.21,0.02633679
2/1/2002,11953.58,5.7,71.951,1.74,178,88.4578,1100.67,0
3/1/2002,11946.054,5.7,71.937,1.73,178.5,89.1265,1153.79,-0.07093456
4/1/2002,11960.946,5.9,72.321,1.75,179.3,89.5507,1111.93,0
5/1/2002,11993.987,5.8,72.041,1.75,179.5,89.9348,1079.25,-0.03313765
6/1/2002,12023.36,5.8,72.283,1.75,179.6,90.6736,1014.02,0.00566774
7/1/2002,11987.388,5.8,72.762,1.73,180,90.6436,903.59,0
8/1/2002,11987.158,5.7,72.868,1.74,180.5,90.5505,912.55,-0.1023151
9/1/2002,11994.021,5.7,72.531,1.75,180.8,90.6373,867.81,-0.01267204
10/1/2002,12014.38,5.7,72.827,1.75,181.2,90.3988,854.63,0
11/1/2002,12040.567,5.9,73.035,1.34,181.5,90.8947,909.93,-0.10318158
12/1/2002,12067.267,6,73.513,1.24,181.8,90.3906,899.18,0.01814157
1/1/2003,12033.66,5.8,73.503,1.24,182.6,91.1369,895.84,0.04342205
2/1/2003,11991.075,5.9,73.266,1.26,183.6,91.2505,837.03,0
3/1/2003,12008.784,5.9,73.687,1.25,183.9,91.0006,846.63,0.00703319
4/1/2003,12058.25,6,74.035,1.26,183.2,90.4311,890.03,0
5/1/2003,12147.017,6.1,74.273,1.26,182.9,90.4,935.96,-0.0901985
6/1/2003,12186.558,6.3,74.671,1.22,183.1,90.5196,988,0.14221599
7/1/2003,12197.554,6.2,75.008,1.01,183.7,90.9869,992.54,0
8/1/2003,12216.821,6.1,75.672,1.03,184.5,90.7933,989.53,-0.03448743
9/1/2003,12234.634,6.1,75.452,1.01,185.1,91.3819,1019.44,-0.00339972
10/1/2003,12281.469,6,75.574,1.01,184.9,91.5049,1038.73,-0.0817273
11/1/2003,12352.377,5.8,76.008,1,185,92.1265,1049.9,0
12/1/2003,12356.981,5.7,76.108,0.98,185.5,92.1732,1080.64,0.02845916
1/1/2004,12332.995,5.7,76.355,1,186.3,92.3268,1132.52,0.12624922
2/1/2004,12349.224,5.6,76.51,1.01,186.7,92.8995,1143.36,0
3/1/2004,12393.884,5.8,76.947,1,187.1,92.5368,1123.98,-0.05886477
4/1/2004,12433.863,5.6,76.884,1,187.4,92.8957,1133.36,0
5/1/2004,12499.431,5.6,77.289,1,188.2,93.5845,1102.78,0.00612909
6/1/2004,12511.921,5.6,76.892,1.03,188.9,92.8651,1132.76,-0.02737725
7/1/2004,12556.147,5.5,77.568,1.26,189.1,93.5502,1105.85,0
8/1/2004,12606.222,5.4,77.855,1.43,189.2,93.6301,1088.94,0.04971448
9/1/2004,12621.706,5.4,78.358,1.61,189.8,93.7353,1117.66,-0.01419391
10/1/2004,12628.422,5.5,78.542,1.76,190.8,94.5695,1117.21,0
11/1/2004,12595.005,5.4,78.683,1.93,191.7,94.8015,1168.94,-0.02838619
12/1/2004,13020.595,5.4,79.199,2.16,191.7,95.5415,1199.21,-0.01455039
1/1/2005,12665.162,5.3,79.033,2.28,191.6,95.8785,1181.41,0
2/1/2005,12674.095,5.4,79.383,2.5,192.4,96.5709,1199.63,-0.01397984
3/1/2005,12716.359,5.2,79.51,2.63,193.1,96.4345,1194.9,0.06765631
4/1/2005,12759.492,5.2,80.026,2.79,193.7,96.6347,1164.43,0
5/1/2005,12815.998,5.1,79.917,3,193.6,96.7251,1178.28,0.005633
6/1/2005,12849.466,5,80.62,3.04,193.7,97.1483,1202.25,0.04697282
7/1/2005,12868.735,5,81.199,3.26,194.9,96.8397,1222.24,0
8/1/2005,12891.416,4.9,80.839,3.5,196.1,97.1584,1224.27,-0.01986487
9/1/2005,12850.144,5,80.521,3.62,198.8,95.2764,1225.92,0.02471223
10/1/2005,12925.11,5,80.738,3.78,199.1,96.4411,1191.96,0
11/1/2005,13010.071,5,80.976,4,198.1,97.5016,1237.37,0.00645912
12/1/2005,13055.374,4.9,81.292,4.16,198.1,97.9723,1262.07,-0.02711052
1/1/2006,13214.527,4.7,81.714,4.29,199.3,98.127,1278.73,0.02985199
2/1/2006,13283.182,4.8,81.885,4.49,199.4,98.1687,1276.65,0
3/1/2006,13340.072,4.7,82.057,4.59,199.7,98.3913,1293.74,0.04601083
4/1/2006,13347.045,4.7,82.203,4.79,200.7,98.6826,1302.17,0
5/1/2006,13336.874,4.6,82.341,4.94,201.3,98.7074,1290.01,0.05077098
6/1/2006,13353.303,4.6,82.386,4.99,201.8,99.0398,1253.17,-0.04296139
7/1/2006,13342.387,4.7,82.851,5.24,202.9,98.9751,1260.24,0
8/1/2006,13329.621,4.7,82.576,5.25,203.8,99.4047,1287.15,-0.04054683
9/1/2006,13408.301,4.5,83.088,5.25,202.8,99.2246,1317.74,0.0178247
10/1/2006,13479.95,4.4,83.447,5.25,201.9,99.1229,1363.38,-0.010461
11/1/2006,13547.935,4.5,83.477,5.25,202,99.0963,1388.64,0
12/1/2006,13627.346,4.4,83.961,5.24,203.1,100.1125,1416.42,-0.03226615
1/1/2007,13651.743,4.6,84.127,5.25,203.437,99.7546,1424.16,-0.00805751
2/1/2007,13711.191,4.5,84.106,5.26,204.226,100.7166,1444.8,0
3/1/2007,13762.811,4.4,84.2,5.26,205.288,100.8952,1406.95,-0.08335045
4/1/2007,13784.697,4.5,84.281,5.25,205.904,101.5723,1463.64,0
5/1/2007,13791.861,4.4,84.405,5.25,206.755,101.6269,1511.14,0.0365754
6/1/2007,13786.416,4.6,84.409,5.25,207.234,101.6547,1514.19,0.01206259
7/1/2007,13795.953,4.7,84.666,5.26,207.603,101.4953,1520.71,0
8/1/2007,13795.066,4.6,85.023,5.02,207.667,101.6943,1454.62,-0.04407997
9/1/2007,13813.791,4.7,85.095,4.94,208.547,101.9428,1497.12,-0.20509211
10/1/2007,13796.513,4.7,85.162,4.76,209.19,101.6446,1539.66,0.05345248
11/1/2007,13787.506,4.7,85.34,4.49,210.834,102.2167,1463.39,0
12/1/2007,13846.539,5,85.286,4.24,211.445,102.2764,1479.22,0.0378258
1/1/2008,13862.766,5,85.272,3.94,212.174,102.1493,1378.76,-0.27966567
2/1/2008,13877.177,4.9,84.977,2.98,212.687,101.7756,1354.87,0
3/1/2008,13893.695,5.1,85.189,2.61,213.448,101.4508,1316.94,0.1542557
4/1/2008,13854.44,5,85.327,2.28,213.942,100.7554,1370.47,-0.07965366
5/1/2008,14441.892,5.4,85.486,1.98,215.208,100.1336,1403.22,0
6/1/2008,14094.894,5.6,85.328,2,217.463,99.8728,1341.25,-0.05339118
7/1/2008,13867.615,5.8,84.917,2.01,219.016,99.4194,1257.33,0
8/1/2008,13780.34,6.1,84.907,2,218.69,97.8491,1281.47,-0.03600638
9/1/2008,13789.923,6.1,84.343,1.81,218.877,93.5576,1216.95,0.10555427
10/1/2008,13883.254,6.5,84.213,0.97,216.995,94.4985,968.8,-0.11447943
11/1/2008,13982.019,6.8,83.955,0.39,213.153,93.2617,883.04,-0.09246889
12/1/2008,13891.878,7.3,83.711,0.16,211.398,90.6266,877.56,-0.24761027
1/1/2009,13762.24,7.8,84.092,0.15,211.933,88.3712,865.58,-0.01051577
2/1/2009,13603.699,8.3,83.747,0.22,212.705,87.843,805.23,0
3/1/2009,13570.847,8.7,83.401,0.18,212.495,86.4689,757.13,-0.06080585
4/1/2009,13601.477,9,83.277,0.15,212.709,85.7903,848.15,0.01684608
5/1/2009,13779.884,9.4,83.353,0.18,213.022,84.9436,902.41,0
6/1/2009,13544.781,9.5,83.376,0.21,214.79,84.6746,926.12,0.03844336
7/1/2009,13493.206,9.5,83.654,0.16,214.726,85.6853,935.82,0
8/1/2009,13468.487,9.6,84.406,0.16,215.445,86.6393,1009.73,-0.01414656
9/1/2009,13502.606,9.8,83.627,0.15,215.861,87.3821,1044.55,-0.08797793
10/1/2009,13460.827,10,83.722,0.12,216.509,87.5809,1067.66,0
11/1/2009,13494.222,9.9,83.588,0.12,217.234,87.9388,1088.07,-0.0248939
12/1/2009,13551.644,9.9,84.099,0.12,217.347,88.2404,1110.38,0.00162264
1/1/2010,13610.249,9.8,83.945,0.11,217.488,89.1897,1123.58,0.02768005
2/1/2010,13610.405,9.8,84.259,0.13,217.281,89.5046,1089.16,0
3/1/2010,13661.363,9.9,84.662,0.16,217.353,90.1356,1152.05,-0.0358241
4/1/2010,13776.728,9.9,84.835,0.2,217.403,90.4607,1197.32,-0.00672185
5/1/2010,13885.106,9.6,85.046,0.2,217.29,91.7014,1125.06,0
6/1/2010,13898.726,9.4,85.253,0.18,217.199,91.9033,1083.36,0.0037771
7/1/2010,13928.888,9.4,85.486,0.18,217.605,92.2549,1079.8,0
8/1/2010,13980.745,9.5,85.693,0.19,217.923,92.5936,1087.28,-0.01793174
9/1/2010,13989.519,9.5,85.774,0.19,218.275,92.8533,1122.08,-0.00565893
10/1/2010,14000.339,9.4,85.993,0.19,219.035,92.6033,1171.58,0
11/1/2010,14018.501,9.8,86.211,0.19,219.59,92.6686,1198.89,-0.00185915
12/1/2010,14104.762,9.3,86.325,0.18,220.472,93.5916,1241.53,-0.00467162
1/1/2011,14289.288,9.1,86.422,0.17,221.187,93.3889,1282.62,-0.00794431
2/1/2011,14331.186,9,86.398,0.16,221.898,93.0045,1321.12,0
3/1/2011,14298.318,9,86.697,0.14,223.046,93.9684,1304.49,0.00677178
4/1/2011,14275.294,9.1,86.594,0.1,224.093,93.6571,1331.51,-0.01033672
5/1/2011,14260.443,9,86.494,0.09,224.806,93.7723,1338.31,0
6/1/2011,14324.383,9.1,86.695,0.09,224.806,94.0493,1287.29,0.00338589
7/1/2011,14386.123,9,86.846,0.07,225.395,94.4958,1325.19,0
8/1/2011,14378.666,9,86.793,0.1,226.106,95.0974,1185.31,-0.0263505
9/1/2011,14359.76,9,86.936,0.08,226.597,95.0244,1173.88,0.05429585
10/1/2011,14364.71,8.8,87.093,0.07,226.75,95.6891,1207.22,0
11/1/2011,14349.583,8.6,86.946,0.08,227.169,95.6778,1226.42,0.00957808
12/1/2011,14479.33,8.5,86.985,0.07,227.223,96.1809,1243.32,0.00940909
1/1/2012,14518.055,8.3,87.321,0.08,227.842,96.7595,1300.58,-0.01802415
2/1/2012,14591.389,8.3,87.85,0.1,228.329,97.0662,1352.49,0
3/1/2012,14635.02,8.2,87.735,0.13,228.807,96.5609,1389.24,0.00805751
4/1/2012,14689.558,8.2,87.816,0.14,229.187,97.251,1386.43,0
5/1/2012,14687.217,8.2,87.822,0.16,228.713,97.4595,1341.27,0
6/1/2012,14680.673,8.2,87.73,0.16,228.524,97.4768,1323.48,0.01631926
7/1/2012,14586.106,8.2,87.914,0.16,228.59,97.6714,1359.78,0
8/1/2012,14553.669,8.1,87.932,0.13,229.918,97.2734,1403.45,0.01274371
9/1/2012,14662.932,7.8,88.056,0.14,231.015,97.2217,1443.42,0.01577163
10/1/2012,14761.628,7.8,88.05,0.16,231.638,97.5311,1437.82,0
11/1/2012,14962.471,7.7,88.434,0.16,231.249,97.9084,1394.51,0
12/1/2012,15333.647,7.9,88.47,0.16,231.221,98.1884,1422.29,-0.00356494
1/1/2013,14568.746,8,88.864,0.14,231.679,98.1736,1480.4,-0.00338589
2/1/2013,14539.752,7.7,88.849,0.15,232.937,98.6434,1512.31,0
3/1/2013,14590.576,7.5,88.963,0.14,232.282,99.047,1550.83,0.00183907
4/1/2013,14650.083,7.6,88.983,0.15,231.797,98.9445,1570.7,0
5/1/2013,14720.7,7.5,89.237,0.11,231.893,99.0383,1639.84,0.00112635
6/1/2013,14720.82,7.5,89.219,0.09,232.445,99.2221,1618.77,0.00475918
7/1/2013,14690.118,7.3,89.329,0.09,232.9,98.8987,1668.68,-0.00411828
8/1/2013,14715.624,7.2,89.464,0.08,233.456,99.4897,1670.09,0
9/1/2013,14776.266,7.2,89.733,0.08,233.544,100.021,1687.17,-0.01518739
10/1/2013,14726.182,7.2,90.023,0.09,233.669,99.9037,1720.03,0.00221336
11/1/2013,14763.876,6.9,90.393,0.08,234.1,100.1582,1783.54,0
12/1/2013,14797.116,6.7,90.475,0.09,234.719,100.374,1807.78,0.00135158
1/1/2014,14872.775,6.6,90.176,0.07,235.288,99.9899,1822.36,0.00327533
2/1/2014,14955.901,6.7,90.586,0.07,235.547,100.7471,1817.04,0
3/1/2014,15033.859,6.7,91.104,0.08,236.028,101.7435,1863.52,0.01611501
4/1/2014,15078.809,6.2,91.253,0.09,236.468,101.8273,1864.26,0.00110668
5/1/2014,15120.855,6.3,91.451,0.09,236.918,102.2392,1889.77,0
6/1/2014,15177.06,6.1,91.772,0.1,237.231,102.5774,1947.09,0.00695083
7/1/2014,15218.177,6.2,91.971,0.09,237.498,102.7954,1973.1,-0.00584415
8/1/2014,15295.125,6.1,92.596,0.09,237.46,102.6322,1961.53,0
9/1/2014,15348.309,5.9,92.623,0.09,237.477,102.9417,1993.23,0.0137226
10/1/2014,15426.259,5.7,93.217,0.09,237.43,102.9611,1937.27,0.0218359
11/1/2014,15514.307,5.8,93.454,0.09,236.983,103.5978,2044.57,0
12/1/2014,15620.73,5.6,93.713,0.12,236.252,103.6151,2054.27,-0.04968888
1/1/2015,15758.015,5.7,93.936,0.11,234.747,102.7923,2028.18,-0.00589892
2/1/2015,15815.476,5.5,94.158,0.11,235.342,102.1366,2082.2,0
3/1/2015,15786.489,5.4,94.441,0.11,235.976,101.7869,2079.99,-0.06350085
4/1/2015,15833.624,5.4,94.614,0.12,236.222,101.2255,2094.86,0
5/1/2015,15866.779,5.6,94.899,0.12,237.001,100.7675,2111.94,0
6/1/2015,15873.338,5.3,94.966,0.13,237.657,100.4588,2099.29,-0.04185531
7/1/2015,15899.39,5.2,95.319,0.13,238.034,101.0893,2094.14,-0.00935432
8/1/2015,15930.975,5.1,95.554,0.14,238.033,100.9165,2039.87,0
9/1/2015,15973.484,5,95.61,0.14,237.498,100.633,1945.41,-0.07006399
10/1/2015,16012.028,5,95.676,0.12,237.733,100.1563,2071.18,0.03971968
11/1/2015,16009.52,5.1,95.835,0.12,238.017,99.4366,2080.62,0
12/1/2015,16077.429,5,96.138,0.24,237.761,98.9471,2054.08,0.02448184
1/1/2016,16098.568,4.8,96.299,0.34,237.652,99.4391,1918.6,-0.02751435
2/1/2016,16107.427,4.9,96.941,0.38,237.336,98.9232,1903.03,0
3/1/2016,16106.421,5,96.58,0.36,238.08,98.1635,2021.95,-0.08519224
4/1/2016,16081.685,5.1,96.836,0.37,238.992,98.4775,2075.54,0.01075061
5/1/2016,16074.046,4.8,96.995,0.37,239.557,98.2549,2065.55,0
6/1/2016,16090.905,4.9,97.426,0.38,240.222,98.7315,2083.89,-0.04285424
7/1/2016,16159.383,4.8,97.604,0.39,240.101,98.8452,2148.9,0.00514028
8/1/2016,16177.334,4.9,97.709,0.4,240.545,98.7427,2177.48,0
9/1/2016,16215.456,5,97.97,0.4,241.176,98.6552,2157.69,-0.03527646
10/1/2016,16243.304,4.9,97.925,0.4,241.741,98.7237,2143.02,0
11/1/2016,16286.542,4.7,98.09,0.41,242.026,98.3443,2164.99,0.00331647
12/1/2016,16334.247,4.7,98.78,0.54,242.637,99.0406,2246.63,0.03712366
1/1/2017,16383.236,4.7,98.839,0.65,243.618,98.8158,2275.12,0
2/1/2017,16431.536,4.6,98.892,0.66,244.006,98.4356,2329.91,-0.02051911
3/1/2017,16491.77,4.4,99.331,0.79,243.892,99.0492,2345.96,-0.04693258
4/1/2017,16521.43,4.4,99.364,0.9,244.193,100.0416,2359.31,0
5/1/2017,16626.085,4.4,99.427,0.91,244.004,100.128,2395.35,0.01381378
6/1/2017,16642.946,4.3,99.745,1.04,244.163,100.337,2433.99,0.01913702
7/1/2017,16698.803,4.3,99.996,1.15,244.243,100.0865,2454.1,-0.01319881
8/1/2017,16729.216,4.4,100.008,1.16,245.183,99.6323,2456.22,0
9/1/2017,16774.796,4.3,100.555,1.15,246.435,99.7482,2492.84,0.04200895
10/1/2017,16841.324,4.2,100.65,1.15,246.626,100.9893,2557,0
11/1/2017,16883.564,4.2,101.202,1.16,247.284,101.2493,2593.61,0.00182186
12/1/2017,16919.258,4.1,101.992,1.3,247.805,101.4871,2664.34,-0.00584415
1/1/2018,16938.615,4,101.886,1.41,248.859,101.4852,2789.8,0.00513021
2/1/2018,16963.881,4.1,101.931,1.42,249.529,101.7319,2705.16,0
3/1/2018,17008.963,4,102.226,1.51,249.577,102.1943,2702.77,-0.00152057
4/1/2018,17028.008,4,102.318,1.69,250.227,103.3551,2653.63,0
5/1/2018,17072.967,3.8,102.633,1.7,250.792,102.381,2701.49,-0.00520895
6/1/2018,17140.662,4,102.732,1.82,251.018,103.2256,2754.35,0.01793146
7/1/2018,17219.586,3.8,102.95,1.91,251.214,103.3561,2793.64,0
8/1/2018,17282.357,3.8,103.167,1.91,251.663,104.0585,2857.82,-0.00297867
9/1/2018,17275.742,3.7,102.983,1.95,252.182,104.1038,2901.5,0.001063
10/1/2018,17300.819,3.8,103.284,2.19,252.772,103.9297,2785.46,0
11/1/2018,17339.645,3.8,103.835,2.2,252.594,104.0126,2723.23,0.00416709
12/1/2018,17538.653,3.9,102.947,2.27,252.767,104.0451,2567.31,0.02319353
1/1/2019,17612.196,4,103.243,2.4,252.561,103.3598,2607.39,-0.02494451
2/1/2019,17652.296,3.8,103.294,2.4,253.319,102.8251,2754.86,0
3/1/2019,17683.871,3.8,104.019,2.41,254.277,102.8361,2803.98,-0.03277562
4/1/2019,17673.034,3.7,104.028,2.42,255.233,102.2748,2903.8,0
5/1/2019,17679.59,3.6,104.413,2.39,255.296,102.4176,2854.71,-0.04719874
6/1/2019,17707.372,3.6,104.766,2.38,255.213,102.5425,2890.17,-0.06827621
7/1/2019,17701.297,3.7,105.261,2.4,255.802,102.0057,2996.11,0.04801467
8/1/2019,17779.85,3.6,105.665,2.13,256.036,102.7814,2897.5,0
9/1/2019,17812.342,3.5,105.836,2.04,256.43,102.4601,2982.16,0.03148517
10/1/2019,17847.211,3.6,105.843,1.83,257.155,101.5878,2977.68,0.01160735
11/1/2019,17908.82,3.6,106.412,1.55,257.879,102.1494,3104.9,0
12/1/2019,17826.208,3.6,106.584,1.55,258.63,101.9421,3176.75,-0.00362073
1/1/2020,18013.411,3.6,106.973,1.55,259.127,101.3372,3278.2,0.00889675
2/1/2020,18092.039,3.5,106.775,1.58,259.25,101.6718,3277.31,0
3/1/2020,17826.451,4.4,99.689,0.65,258.076,97.606,2652.39,-0.19555916
4/1/2020,19996.926,14.8,88.685,0.05,256.032,84.6812,2761.98,-0.01422855
5/1/2020,19138.916,13.2,95.972,0.05,255.802,86.0108,2919.62,0
6/1/2020,19124.902,11,101.376,0.08,257.042,91.6745,3104.66,-0.00227921
7/1/2020,19305.192,10.2,102.946,0.09,258.352,95.0037,3207.62,-0.0041468
8/1/2020,18667.437,8.4,103.711,0.1,259.316,95.9294,3391.71,0
9/1/2020,18788.689,7.8,105.134,0.09,259.997,95.8914,3365.52,-0.00094649
10/1/2020,18773.113,6.9,105.438,0.09,260.319,96.5256,3418.7,0
11/1/2020,18608.793,6.7,105.171,0.09,260.911,96.9529,3548.99,-0.00110668
12/1/2020,18672.834,6.7,105.585,0.09,262.045,98.2039,3695.31,0.00025959
1/1/2021,20516.535,6.4,107.003,0.09,262.639,98.8135,3793.75,0.00178298
2/1/2021,19014.309,6.2,105.93,0.08,263.573,95.5072,3883.43,0
3/1/2021,22850.332,6.1,110.495,0.07,264.847,98.1929,3910.51,-0.00816395
4/1/2021,19780.681,6.1,111.294,0.07,266.625,98.3317,4141.18,-0.00450365
5/1/2021,19306.581,5.8,110.972,0.06,268.404,99.1867,4167.85,0
6/1/2021,19243.959,5.9,112.009,0.08,270.71,99.6483,4238.49,0.02260112
7/1/2021,19361.467,5.4,111.745,0.1,271.965,100.0668,4363.71,0.00221336
8/1/2021,19330.006,5.1,112.437,0.09,272.752,100.0412,4454.21,0
9/1/2021,19155.765,4.7,112.695,0.08,273.942,98.9955,4445.54,0
10/1/2021,19182.483,4.5,113.457,0.08,276.528,100.3542,4460.71,0
11/1/2021,19147.588,4.2,113.717,0.08,278.824,101.2684,4667.39,0.00596157
12/1/2021,19089.391,3.9,113.373,0.08,280.806,101.1948,4674.77,0.03552127
1/1/2022,18997.378,4,113.561,0.08,282.542,101.2146,4573.82,-0.00795803
2/1/2022,19008.845,3.8,113.628,0.08,284.525,101.8458,4435.98,0
3/1/2022,18931.712,3.7,114.179,0.2,287.467,102.6732,4391.27,0.09831256
4/1/2022,18942.326,3.7,114.623,0.33,288.582,102.9024,4391.3,0
5/1/2022,18909.341,3.6,114.424,0.77,291.299,102.9659,4040.36,-0.03187379
6/1/2022,18825.482,3.6,114.5,1.21,295.072,102.8224,3898.95,0.0764084
7/1/2022,18998.214,3.5,114.445,1.68,294.94,103.0505,3911.73,-0.00573564
8/1/2022,19062.885,3.6,115.099,2.33,295.162,103.1703,4158.56,0
9/1/2022,19110.911,3.5,115.305,2.56,296.421,103.5326,3850.52,0.09164352
10/1/2022,19153.051,3.6,115.497,3.08,297.979,103.4442,3726.05,0
11/1/2022,19149.034,3.6,115.16,3.78,298.708,103.1058,3917.49,-0.07652252
12/1/2022,19187.527,3.5,115.24,4.1,298.808,101.8266,3912.38,0.08745958
1/1/2023,19204.832,3.5,116.81,4.33,300.456,102.7476,3960.66,0
2/1/2023,19249.564,3.6,116.785,4.57,301.476,102.8003,4079.68,0.01037026
3/1/2023,19325.638,3.5,116.506,4.65,301.643,102.8143,3968.56,-0.02787335
4/1/2023,19333.172,3.4,116.9,4.83,302.858,103.2241,4121.47,0
5/1/2023,19393.909,3.6,116.971,5.06,303.316,102.9809,4146.17,0.01850483
6/1/2023,19406.746,3.6,117.095,5.08,304.099,102.3809,4345.37,0.05250713
7/1/2023,19426.368,3.5,117.614,5.12,304.615,103.0722,4508.08,0.00397215
8/1/2023,19454.499,3.7,117.637,5.33,306.138,103.0951,4457.36,0
9/1/2023,19471.74,3.8,117.931,5.33,307.374,103.3081,4409.1,0.05132388
10/1/2023,19525.659,3.9,118.174,5.33,307.653,102.5781,4269.4,0
11/1/2023,19612.051,3.7,118.685,5.33,308.087,102.8868,4460.06,-0.013891
12/1/2023,19656.809,3.8,119.362,5.33,308.735,102.6309,4685.05,-0.05166427
